method,dataset,step_setting,metric,time_type,result,prc_threshold
Cooccurrence,SuoDataset,all_paths,threshold,Real Time,0.0010641285576363,True
Cooccurrence,SuoDataset,all_paths,F1,Real Time,0.6775956284153005,True
Cooccurrence,SuoDataset,all_paths,AUC_PRC,Real Time,0.4801838680945384,True
Cooccurrence,SuoDataset,all_paths,PRECISION,Real Time,0.512396694214876,True
Cooccurrence,SuoDataset,all_paths,RECALL,Real Time,1.0,True
Cooccurrence,SuoDataset,all_paths,AUC_ROC,Real Time,0.3687807545106616,True
Cooccurrence,SuoDataset,simple,threshold,Real Time,0.0009098932140329,True
Cooccurrence,SuoDataset,simple,F1,Real Time,0.1785714285714285,True
Cooccurrence,SuoDataset,simple,AUC_PRC,Real Time,0.1721732311805841,True
Cooccurrence,SuoDataset,simple,PRECISION,Real Time,0.0980392156862745,True
Cooccurrence,SuoDataset,simple,RECALL,Real Time,1.0,True
Cooccurrence,SuoDataset,simple,AUC_ROC,Real Time,0.6513513513513515,True
Cooccurrence,GarciaAlonsoDataset,all_paths,threshold,Real Time,0.0961249338673634,True
Cooccurrence,GarciaAlonsoDataset,all_paths,F1,Real Time,0.6666666666666666,True
Cooccurrence,GarciaAlonsoDataset,all_paths,AUC_PRC,Real Time,0.3610286595737949,True
Cooccurrence,GarciaAlonsoDataset,all_paths,PRECISION,Real Time,0.5,True
Cooccurrence,GarciaAlonsoDataset,all_paths,RECALL,Real Time,1.0,True
Cooccurrence,GarciaAlonsoDataset,all_paths,AUC_ROC,Real Time,0.1080246913580247,True
Cooccurrence,GarciaAlonsoDataset,simple,threshold,Real Time,0.0346126656661468,True
Cooccurrence,GarciaAlonsoDataset,simple,F1,Real Time,0.2941176470588235,True
Cooccurrence,GarciaAlonsoDataset,simple,AUC_PRC,Real Time,0.1805697151424287,True
Cooccurrence,GarciaAlonsoDataset,simple,PRECISION,Real Time,0.1724137931034483,True
Cooccurrence,GarciaAlonsoDataset,simple,RECALL,Real Time,1.0,True
Cooccurrence,GarciaAlonsoDataset,simple,AUC_ROC,Real Time,0.4580645161290322,True
Cooccurrence,MaDataset,all_paths,threshold,Real Time,0.0816771415725086,True
Cooccurrence,MaDataset,all_paths,F1,Real Time,0.72,True
Cooccurrence,MaDataset,all_paths,AUC_PRC,Real Time,0.470959595959596,True
Cooccurrence,MaDataset,all_paths,PRECISION,Real Time,0.5625,True
Cooccurrence,MaDataset,all_paths,RECALL,Real Time,1.0,True
Cooccurrence,MaDataset,all_paths,AUC_ROC,Real Time,0.1746031746031746,True
Cooccurrence,MaDataset,simple,threshold,Real Time,0.0816771415725086,True
Cooccurrence,MaDataset,simple,F1,Real Time,0.5454545454545454,True
Cooccurrence,MaDataset,simple,AUC_PRC,Real Time,0.4027777777777778,True
Cooccurrence,MaDataset,simple,PRECISION,Real Time,0.375,True
Cooccurrence,MaDataset,simple,RECALL,Real Time,1.0,True
Cooccurrence,MaDataset,simple,AUC_ROC,Real Time,0.7435897435897436,True
Cooccurrence,GarciaAlonsoDataset,all_paths,threshold,Pseudotime,0.1261204251745392,True
Cooccurrence,GarciaAlonsoDataset,all_paths,F1,Pseudotime,0.8,True
Cooccurrence,GarciaAlonsoDataset,all_paths,AUC_PRC,Pseudotime,0.4623482909881377,True
Cooccurrence,GarciaAlonsoDataset,all_paths,PRECISION,Pseudotime,0.6666666666666666,True
Cooccurrence,GarciaAlonsoDataset,all_paths,RECALL,Pseudotime,1.0,True
Cooccurrence,GarciaAlonsoDataset,all_paths,AUC_ROC,Pseudotime,0.3549382716049383,True
Cooccurrence,GarciaAlonsoDataset,simple,threshold,Pseudotime,0.1261204251745392,True
Cooccurrence,GarciaAlonsoDataset,simple,F1,Pseudotime,0.5882352941176471,True
Cooccurrence,GarciaAlonsoDataset,simple,AUC_PRC,Pseudotime,0.371031746031746,True
Cooccurrence,GarciaAlonsoDataset,simple,PRECISION,Pseudotime,0.4166666666666667,True
Cooccurrence,GarciaAlonsoDataset,simple,RECALL,Pseudotime,1.0,True
Cooccurrence,GarciaAlonsoDataset,simple,AUC_ROC,Pseudotime,0.8451612903225807,True
Cooccurrence,SuoDataset,all_paths,threshold,Pseudotime,0.0036303935097467,True
Cooccurrence,SuoDataset,all_paths,F1,Pseudotime,0.6775956284153005,True
Cooccurrence,SuoDataset,all_paths,AUC_PRC,Pseudotime,0.5365429106021217,True
Cooccurrence,SuoDataset,all_paths,PRECISION,Pseudotime,0.512396694214876,True
Cooccurrence,SuoDataset,all_paths,RECALL,Pseudotime,1.0,True
Cooccurrence,SuoDataset,all_paths,AUC_ROC,Pseudotime,0.4535265172225259,True
Cooccurrence,SuoDataset,simple,threshold,Pseudotime,0.0004699676050885,True
Cooccurrence,SuoDataset,simple,F1,Pseudotime,0.1666666666666666,True
Cooccurrence,SuoDataset,simple,AUC_PRC,Pseudotime,0.1866663283801699,True
Cooccurrence,SuoDataset,simple,PRECISION,Pseudotime,0.0909090909090909,True
Cooccurrence,SuoDataset,simple,RECALL,Pseudotime,1.0,True
Cooccurrence,SuoDataset,simple,AUC_ROC,Pseudotime,0.6423423423423423,True
Cooccurrence,MaDataset,all_paths,threshold,Pseudotime,0.2204481297722816,True
Cooccurrence,MaDataset,all_paths,F1,Pseudotime,0.8571428571428571,True
Cooccurrence,MaDataset,all_paths,AUC_PRC,Pseudotime,0.549074074074074,True
Cooccurrence,MaDataset,all_paths,PRECISION,Pseudotime,0.75,True
Cooccurrence,MaDataset,all_paths,RECALL,Pseudotime,1.0,True
Cooccurrence,MaDataset,all_paths,AUC_ROC,Pseudotime,0.238095238095238,True
Cooccurrence,MaDataset,simple,threshold,Pseudotime,0.0714637143644974,True
Cooccurrence,MaDataset,simple,F1,Pseudotime,0.4615384615384615,True
Cooccurrence,MaDataset,simple,AUC_PRC,Pseudotime,0.6,True
Cooccurrence,MaDataset,simple,PRECISION,Pseudotime,0.3,True
Cooccurrence,MaDataset,simple,RECALL,Pseudotime,1.0,True
Cooccurrence,MaDataset,simple,AUC_ROC,Pseudotime,0.7692307692307692,True
Cooccurrence,SuoDataset,all_paths,JaccardSimilarity,Real Time,0.512396694214876,True
Cooccurrence,SuoDataset,simple,JaccardSimilarity,Real Time,0.0980392156862745,True
Cooccurrence,GarciaAlonsoDataset,all_paths,JaccardSimilarity,Real Time,0.5,True
Cooccurrence,GarciaAlonsoDataset,simple,JaccardSimilarity,Real Time,0.1724137931034483,True
Cooccurrence,MaDataset,all_paths,JaccardSimilarity,Real Time,0.5625,True
Cooccurrence,MaDataset,simple,JaccardSimilarity,Real Time,0.375,True
Cooccurrence,GarciaAlonsoDataset,all_paths,JaccardSimilarity,Pseudotime,0.6666666666666666,True
Cooccurrence,GarciaAlonsoDataset,simple,JaccardSimilarity,Pseudotime,0.4166666666666667,True
Cooccurrence,SuoDataset,all_paths,JaccardSimilarity,Pseudotime,0.512396694214876,True
Cooccurrence,SuoDataset,simple,JaccardSimilarity,Pseudotime,0.0909090909090909,True
Cooccurrence,MaDataset,all_paths,JaccardSimilarity,Pseudotime,0.75,True
Cooccurrence,MaDataset,simple,JaccardSimilarity,Pseudotime,0.3,True
Cooccurrence,SuoDataset,all_paths,threshold,Real Time,0.1608471246874481,False
Cooccurrence,SuoDataset,all_paths,F1,Real Time,0.5494505494505495,False
Cooccurrence,SuoDataset,all_paths,AUC_PRC,Real Time,0.4801838680945384,False
Cooccurrence,SuoDataset,all_paths,PRECISION,Real Time,0.8620689655172413,False
Cooccurrence,SuoDataset,all_paths,RECALL,Real Time,0.4032258064516129,False
Cooccurrence,SuoDataset,all_paths,AUC_ROC,Real Time,0.3687807545106616,False
Cooccurrence,SuoDataset,simple,threshold,Real Time,0.1639422620602786,False
Cooccurrence,SuoDataset,simple,F1,Real Time,0.3636363636363636,False
Cooccurrence,SuoDataset,simple,AUC_PRC,Real Time,0.1721732311805841,False
Cooccurrence,SuoDataset,simple,PRECISION,Real Time,0.3333333333333333,False
Cooccurrence,SuoDataset,simple,RECALL,Real Time,0.4,False
Cooccurrence,SuoDataset,simple,AUC_ROC,Real Time,0.6513513513513515,False
Cooccurrence,GarciaAlonsoDataset,all_paths,threshold,Real Time,0.0989963667551628,False
Cooccurrence,GarciaAlonsoDataset,all_paths,F1,Real Time,0.6938775510204082,False
Cooccurrence,GarciaAlonsoDataset,all_paths,AUC_PRC,Real Time,0.3610286595737949,False
Cooccurrence,GarciaAlonsoDataset,all_paths,PRECISION,Real Time,0.5483870967741935,False
Cooccurrence,GarciaAlonsoDataset,all_paths,RECALL,Real Time,0.9444444444444444,False
Cooccurrence,GarciaAlonsoDataset,all_paths,AUC_ROC,Real Time,0.1080246913580247,False
Cooccurrence,GarciaAlonsoDataset,simple,threshold,Real Time,0.3340147460791137,False
Cooccurrence,GarciaAlonsoDataset,simple,F1,Real Time,0.25,False
Cooccurrence,GarciaAlonsoDataset,simple,AUC_PRC,Real Time,0.1805697151424287,False
Cooccurrence,GarciaAlonsoDataset,simple,PRECISION,Real Time,0.3333333333333333,False
Cooccurrence,GarciaAlonsoDataset,simple,RECALL,Real Time,0.2,False
Cooccurrence,GarciaAlonsoDataset,simple,AUC_ROC,Real Time,0.4580645161290322,False
Cooccurrence,MaDataset,all_paths,threshold,Real Time,0.2913894527326705,False
Cooccurrence,MaDataset,all_paths,F1,Real Time,0.6666666666666666,False
Cooccurrence,MaDataset,all_paths,AUC_PRC,Real Time,0.470959595959596,False
Cooccurrence,MaDataset,all_paths,PRECISION,Real Time,0.8333333333333334,False
Cooccurrence,MaDataset,all_paths,RECALL,Real Time,0.5555555555555556,False
Cooccurrence,MaDataset,all_paths,AUC_ROC,Real Time,0.1746031746031746,False
Cooccurrence,MaDataset,simple,threshold,Real Time,0.0816771415725086,False
Cooccurrence,MaDataset,simple,F1,Real Time,0.5454545454545454,False
Cooccurrence,MaDataset,simple,AUC_PRC,Real Time,0.4027777777777778,False
Cooccurrence,MaDataset,simple,PRECISION,Real Time,0.375,False
Cooccurrence,MaDataset,simple,RECALL,Real Time,1.0,False
Cooccurrence,MaDataset,simple,AUC_ROC,Real Time,0.7435897435897436,False
Cooccurrence,GarciaAlonsoDataset,all_paths,threshold,Pseudotime,0.1261204251745392,False
Cooccurrence,GarciaAlonsoDataset,all_paths,F1,Pseudotime,0.8,False
Cooccurrence,GarciaAlonsoDataset,all_paths,AUC_PRC,Pseudotime,0.4623482909881377,False
Cooccurrence,GarciaAlonsoDataset,all_paths,PRECISION,Pseudotime,0.6666666666666666,False
Cooccurrence,GarciaAlonsoDataset,all_paths,RECALL,Pseudotime,1.0,False
Cooccurrence,GarciaAlonsoDataset,all_paths,AUC_ROC,Pseudotime,0.3549382716049383,False
Cooccurrence,GarciaAlonsoDataset,simple,threshold,Pseudotime,0.1261204251745392,False
Cooccurrence,GarciaAlonsoDataset,simple,F1,Pseudotime,0.5882352941176471,False
Cooccurrence,GarciaAlonsoDataset,simple,AUC_PRC,Pseudotime,0.371031746031746,False
Cooccurrence,GarciaAlonsoDataset,simple,PRECISION,Pseudotime,0.4166666666666667,False
Cooccurrence,GarciaAlonsoDataset,simple,RECALL,Pseudotime,1.0,False
Cooccurrence,GarciaAlonsoDataset,simple,AUC_ROC,Pseudotime,0.8451612903225807,False
Cooccurrence,SuoDataset,all_paths,threshold,Pseudotime,0.1860135567147769,False
Cooccurrence,SuoDataset,all_paths,F1,Pseudotime,0.5684210526315789,False
Cooccurrence,SuoDataset,all_paths,AUC_PRC,Pseudotime,0.5365429106021217,False
Cooccurrence,SuoDataset,all_paths,PRECISION,Pseudotime,0.8181818181818182,False
Cooccurrence,SuoDataset,all_paths,RECALL,Pseudotime,0.4354838709677419,False
Cooccurrence,SuoDataset,all_paths,AUC_ROC,Pseudotime,0.4535265172225259,False
Cooccurrence,SuoDataset,simple,threshold,Pseudotime,0.1257910371023809,False
Cooccurrence,SuoDataset,simple,F1,Pseudotime,0.238095238095238,False
Cooccurrence,SuoDataset,simple,AUC_PRC,Pseudotime,0.1866663283801699,False
Cooccurrence,SuoDataset,simple,PRECISION,Pseudotime,0.15625,False
Cooccurrence,SuoDataset,simple,RECALL,Pseudotime,0.5,False
Cooccurrence,SuoDataset,simple,AUC_ROC,Pseudotime,0.6423423423423423,False
Cooccurrence,MaDataset,all_paths,threshold,Pseudotime,0.2204481297722816,False
Cooccurrence,MaDataset,all_paths,F1,Pseudotime,0.8571428571428571,False
Cooccurrence,MaDataset,all_paths,AUC_PRC,Pseudotime,0.549074074074074,False
Cooccurrence,MaDataset,all_paths,PRECISION,Pseudotime,0.75,False
Cooccurrence,MaDataset,all_paths,RECALL,Pseudotime,1.0,False
Cooccurrence,MaDataset,all_paths,AUC_ROC,Pseudotime,0.238095238095238,False
Cooccurrence,MaDataset,simple,threshold,Pseudotime,0.2248134310300052,False
Cooccurrence,MaDataset,simple,F1,Pseudotime,0.5714285714285714,False
Cooccurrence,MaDataset,simple,AUC_PRC,Pseudotime,0.6,False
Cooccurrence,MaDataset,simple,PRECISION,Pseudotime,0.5,False
Cooccurrence,MaDataset,simple,RECALL,Pseudotime,0.6666666666666666,False
Cooccurrence,MaDataset,simple,AUC_ROC,Pseudotime,0.7692307692307692,False
Cooccurrence,SuoDataset,all_paths,JaccardSimilarity,Real Time,0.3787878787878788,False
Cooccurrence,SuoDataset,simple,JaccardSimilarity,Real Time,0.2222222222222222,False
Cooccurrence,GarciaAlonsoDataset,all_paths,JaccardSimilarity,Real Time,0.53125,False
Cooccurrence,GarciaAlonsoDataset,simple,JaccardSimilarity,Real Time,0.1428571428571428,False
Cooccurrence,MaDataset,all_paths,JaccardSimilarity,Real Time,0.5,False
Cooccurrence,MaDataset,simple,JaccardSimilarity,Real Time,0.375,False
Cooccurrence,GarciaAlonsoDataset,all_paths,JaccardSimilarity,Pseudotime,0.6666666666666666,False
Cooccurrence,GarciaAlonsoDataset,simple,JaccardSimilarity,Pseudotime,0.4166666666666667,False
Cooccurrence,SuoDataset,all_paths,JaccardSimilarity,Pseudotime,0.3970588235294117,False
Cooccurrence,SuoDataset,simple,JaccardSimilarity,Pseudotime,0.1351351351351351,False
Cooccurrence,MaDataset,all_paths,JaccardSimilarity,Pseudotime,0.75,False
Cooccurrence,MaDataset,simple,JaccardSimilarity,Pseudotime,0.4,False
Moscot,SuoDataset,all_paths,threshold,Real Time,0.072408535,False
Moscot,SuoDataset,all_paths,F1,Real Time,0.7522935779816514,False
Moscot,SuoDataset,all_paths,AUC_PRC,Real Time,0.5853197277539466,False
Moscot,SuoDataset,all_paths,PRECISION,Real Time,0.8723404255319149,False
Moscot,SuoDataset,all_paths,RECALL,Real Time,0.6612903225806451,False
Moscot,SuoDataset,all_paths,AUC_ROC,Real Time,0.5537178786221979,False
Moscot,SuoDataset,simple,threshold,Real Time,0.028251829,False
Moscot,SuoDataset,simple,F1,Real Time,0.3111111111111111,False
Moscot,SuoDataset,simple,AUC_PRC,Real Time,0.27140132290892,False
Moscot,SuoDataset,simple,PRECISION,Real Time,0.2,False
Moscot,SuoDataset,simple,RECALL,Real Time,0.7,False
Moscot,SuoDataset,simple,AUC_ROC,Real Time,0.6765765765765765,False
Moscot,GarciaAlonsoDataset,all_paths,threshold,Real Time,0.32776618,False
Moscot,GarciaAlonsoDataset,all_paths,F1,Real Time,0.56,False
Moscot,GarciaAlonsoDataset,all_paths,AUC_PRC,Real Time,0.4646894187395995,False
Moscot,GarciaAlonsoDataset,all_paths,PRECISION,Real Time,1.0,False
Moscot,GarciaAlonsoDataset,all_paths,RECALL,Real Time,0.3888888888888889,False
Moscot,GarciaAlonsoDataset,all_paths,AUC_ROC,Real Time,0.2993827160493827,False
Moscot,GarciaAlonsoDataset,simple,threshold,Real Time,0.030271398,False
Moscot,GarciaAlonsoDataset,simple,F1,Real Time,0.3448275862068966,False
Moscot,GarciaAlonsoDataset,simple,AUC_PRC,Real Time,0.3670475659606094,False
Moscot,GarciaAlonsoDataset,simple,PRECISION,Real Time,0.2083333333333333,False
Moscot,GarciaAlonsoDataset,simple,RECALL,Real Time,1.0,False
Moscot,GarciaAlonsoDataset,simple,AUC_ROC,Real Time,0.6451612903225806,False
Moscot,MaDataset,all_paths,threshold,Real Time,0.1369748,False
Moscot,MaDataset,all_paths,F1,Real Time,0.875,False
Moscot,MaDataset,all_paths,AUC_PRC,Real Time,0.6438271604938273,False
Moscot,MaDataset,all_paths,PRECISION,Real Time,1.0,False
Moscot,MaDataset,all_paths,RECALL,Real Time,0.7777777777777778,False
Moscot,MaDataset,all_paths,AUC_ROC,Real Time,0.4285714285714285,False
Moscot,MaDataset,simple,threshold,Real Time,0.1369748,False
Moscot,MaDataset,simple,F1,Real Time,0.8,False
Moscot,MaDataset,simple,AUC_PRC,Real Time,0.7777777777777777,False
Moscot,MaDataset,simple,PRECISION,Real Time,1.0,False
Moscot,MaDataset,simple,RECALL,Real Time,0.6666666666666666,False
Moscot,MaDataset,simple,AUC_ROC,Real Time,0.8461538461538461,False
Moscot,GarciaAlonsoDataset,all_paths,threshold,Pseudotime,0.07638191,False
Moscot,GarciaAlonsoDataset,all_paths,F1,Pseudotime,0.8372093023255814,False
Moscot,GarciaAlonsoDataset,all_paths,AUC_PRC,Pseudotime,0.5222879991720571,False
Moscot,GarciaAlonsoDataset,all_paths,PRECISION,Pseudotime,0.72,False
Moscot,GarciaAlonsoDataset,all_paths,RECALL,Pseudotime,1.0,False
Moscot,GarciaAlonsoDataset,all_paths,AUC_ROC,Pseudotime,0.4444444444444444,False
Moscot,GarciaAlonsoDataset,simple,threshold,Pseudotime,0.066715725,False
Moscot,GarciaAlonsoDataset,simple,F1,Pseudotime,0.5882352941176471,False
Moscot,GarciaAlonsoDataset,simple,AUC_PRC,Pseudotime,0.5360606060606061,False
Moscot,GarciaAlonsoDataset,simple,PRECISION,Pseudotime,0.4166666666666667,False
Moscot,GarciaAlonsoDataset,simple,RECALL,Pseudotime,1.0,False
Moscot,GarciaAlonsoDataset,simple,AUC_ROC,Pseudotime,0.8709677419354839,False
Moscot,SuoDataset,all_paths,threshold,Pseudotime,0.030846484,False
Moscot,SuoDataset,all_paths,F1,Pseudotime,0.7424242424242424,False
Moscot,SuoDataset,all_paths,AUC_PRC,Pseudotime,0.5891701860410762,False
Moscot,SuoDataset,all_paths,PRECISION,Pseudotime,0.7,False
Moscot,SuoDataset,all_paths,RECALL,Pseudotime,0.7903225806451613,False
Moscot,SuoDataset,all_paths,AUC_ROC,Pseudotime,0.5680699835975942,False
Moscot,SuoDataset,simple,threshold,Pseudotime,0.07499062,False
Moscot,SuoDataset,simple,F1,Pseudotime,0.3870967741935484,False
Moscot,SuoDataset,simple,AUC_PRC,Pseudotime,0.2234360859658959,False
Moscot,SuoDataset,simple,PRECISION,Pseudotime,0.2857142857142857,False
Moscot,SuoDataset,simple,RECALL,Pseudotime,0.6,False
Moscot,SuoDataset,simple,AUC_ROC,Pseudotime,0.6833333333333333,False
Moscot,MaDataset,all_paths,threshold,Pseudotime,0.112059474,False
Moscot,MaDataset,all_paths,F1,Pseudotime,0.9473684210526316,False
Moscot,MaDataset,all_paths,AUC_PRC,Pseudotime,0.5987654320987654,False
Moscot,MaDataset,all_paths,PRECISION,Pseudotime,0.9,False
Moscot,MaDataset,all_paths,RECALL,Pseudotime,1.0,False
Moscot,MaDataset,all_paths,AUC_ROC,Pseudotime,0.5079365079365079,False
Moscot,MaDataset,simple,threshold,Pseudotime,0.09785203,False
Moscot,MaDataset,simple,F1,Pseudotime,0.8571428571428571,False
Moscot,MaDataset,simple,AUC_PRC,Pseudotime,0.6388888888888888,False
Moscot,MaDataset,simple,PRECISION,Pseudotime,0.75,False
Moscot,MaDataset,simple,RECALL,Pseudotime,1.0,False
Moscot,MaDataset,simple,AUC_ROC,Pseudotime,0.9230769230769232,False
Moscot,SuoDataset,all_paths,JaccardSimilarity,Real Time,0.6029411764705882,False
Moscot,SuoDataset,simple,JaccardSimilarity,Real Time,0.1842105263157894,False
Moscot,GarciaAlonsoDataset,all_paths,JaccardSimilarity,Real Time,0.3888888888888889,False
Moscot,GarciaAlonsoDataset,simple,JaccardSimilarity,Real Time,0.2083333333333333,False
Moscot,MaDataset,all_paths,JaccardSimilarity,Real Time,0.7777777777777778,False
Moscot,MaDataset,simple,JaccardSimilarity,Real Time,0.6666666666666666,False
Moscot,GarciaAlonsoDataset,all_paths,JaccardSimilarity,Pseudotime,0.72,False
Moscot,GarciaAlonsoDataset,simple,JaccardSimilarity,Pseudotime,0.4166666666666667,False
Moscot,SuoDataset,all_paths,JaccardSimilarity,Pseudotime,0.5903614457831325,False
Moscot,SuoDataset,simple,JaccardSimilarity,Pseudotime,0.24,False
Moscot,MaDataset,all_paths,JaccardSimilarity,Pseudotime,0.9,False
Moscot,MaDataset,simple,JaccardSimilarity,Pseudotime,0.75,False
Moscot,SuoDataset,all_paths,threshold,Real Time,0.062115148,True
Moscot,SuoDataset,all_paths,F1,Real Time,0.7692307692307693,True
Moscot,SuoDataset,all_paths,AUC_PRC,Real Time,0.5853197277539466,True
Moscot,SuoDataset,all_paths,PRECISION,Real Time,0.8181818181818182,True
Moscot,SuoDataset,all_paths,RECALL,Real Time,0.7258064516129032,True
Moscot,SuoDataset,all_paths,AUC_ROC,Real Time,0.5537178786221979,True
Moscot,SuoDataset,simple,threshold,Real Time,0.0,True
Moscot,SuoDataset,simple,F1,Real Time,0.1666666666666666,True
Moscot,SuoDataset,simple,AUC_PRC,Real Time,0.27140132290892,True
Moscot,SuoDataset,simple,PRECISION,Real Time,0.0909090909090909,True
Moscot,SuoDataset,simple,RECALL,Real Time,1.0,True
Moscot,SuoDataset,simple,AUC_ROC,Real Time,0.6765765765765765,True
Moscot,GarciaAlonsoDataset,all_paths,threshold,Real Time,0.08138889,True
Moscot,GarciaAlonsoDataset,all_paths,F1,Real Time,0.6666666666666666,True
Moscot,GarciaAlonsoDataset,all_paths,AUC_PRC,Real Time,0.4646894187395995,True
Moscot,GarciaAlonsoDataset,all_paths,PRECISION,Real Time,0.5,True
Moscot,GarciaAlonsoDataset,all_paths,RECALL,Real Time,1.0,True
Moscot,GarciaAlonsoDataset,all_paths,AUC_ROC,Real Time,0.2993827160493827,True
Moscot,GarciaAlonsoDataset,simple,threshold,Real Time,0.030271398,True
Moscot,GarciaAlonsoDataset,simple,F1,Real Time,0.3448275862068966,True
Moscot,GarciaAlonsoDataset,simple,AUC_PRC,Real Time,0.3670475659606094,True
Moscot,GarciaAlonsoDataset,simple,PRECISION,Real Time,0.2083333333333333,True
Moscot,GarciaAlonsoDataset,simple,RECALL,Real Time,1.0,True
Moscot,GarciaAlonsoDataset,simple,AUC_ROC,Real Time,0.6451612903225806,True
Moscot,MaDataset,all_paths,threshold,Real Time,0.1369748,True
Moscot,MaDataset,all_paths,F1,Real Time,0.875,True
Moscot,MaDataset,all_paths,AUC_PRC,Real Time,0.6438271604938273,True
Moscot,MaDataset,all_paths,PRECISION,Real Time,1.0,True
Moscot,MaDataset,all_paths,RECALL,Real Time,0.7777777777777778,True
Moscot,MaDataset,all_paths,AUC_ROC,Real Time,0.4285714285714285,True
Moscot,MaDataset,simple,threshold,Real Time,0.03009027,True
Moscot,MaDataset,simple,F1,Real Time,0.5,True
Moscot,MaDataset,simple,AUC_PRC,Real Time,0.7777777777777777,True
Moscot,MaDataset,simple,PRECISION,Real Time,0.3333333333333333,True
Moscot,MaDataset,simple,RECALL,Real Time,1.0,True
Moscot,MaDataset,simple,AUC_ROC,Real Time,0.8461538461538461,True
Moscot,GarciaAlonsoDataset,all_paths,threshold,Pseudotime,0.07638191,True
Moscot,GarciaAlonsoDataset,all_paths,F1,Pseudotime,0.8372093023255814,True
Moscot,GarciaAlonsoDataset,all_paths,AUC_PRC,Pseudotime,0.5222879991720571,True
Moscot,GarciaAlonsoDataset,all_paths,PRECISION,Pseudotime,0.72,True
Moscot,GarciaAlonsoDataset,all_paths,RECALL,Pseudotime,1.0,True
Moscot,GarciaAlonsoDataset,all_paths,AUC_ROC,Pseudotime,0.4444444444444444,True
Moscot,GarciaAlonsoDataset,simple,threshold,Pseudotime,0.066715725,True
Moscot,GarciaAlonsoDataset,simple,F1,Pseudotime,0.5882352941176471,True
Moscot,GarciaAlonsoDataset,simple,AUC_PRC,Pseudotime,0.5360606060606061,True
Moscot,GarciaAlonsoDataset,simple,PRECISION,Pseudotime,0.4166666666666667,True
Moscot,GarciaAlonsoDataset,simple,RECALL,Pseudotime,1.0,True
Moscot,GarciaAlonsoDataset,simple,AUC_ROC,Pseudotime,0.8709677419354839,True
Moscot,SuoDataset,all_paths,threshold,Pseudotime,0.026381668,True
Moscot,SuoDataset,all_paths,F1,Pseudotime,0.7482014388489209,True
Moscot,SuoDataset,all_paths,AUC_PRC,Pseudotime,0.5891701860410762,True
Moscot,SuoDataset,all_paths,PRECISION,Pseudotime,0.6753246753246753,True
Moscot,SuoDataset,all_paths,RECALL,Pseudotime,0.8387096774193549,True
Moscot,SuoDataset,all_paths,AUC_ROC,Pseudotime,0.5680699835975942,True
Moscot,SuoDataset,simple,threshold,Pseudotime,0.00012528973,True
Moscot,SuoDataset,simple,F1,Pseudotime,0.1904761904761904,True
Moscot,SuoDataset,simple,AUC_PRC,Pseudotime,0.2234360859658959,True
Moscot,SuoDataset,simple,PRECISION,Pseudotime,0.1052631578947368,True
Moscot,SuoDataset,simple,RECALL,Pseudotime,1.0,True
Moscot,SuoDataset,simple,AUC_ROC,Pseudotime,0.6833333333333333,True
Moscot,MaDataset,all_paths,threshold,Pseudotime,0.112059474,True
Moscot,MaDataset,all_paths,F1,Pseudotime,0.9473684210526316,True
Moscot,MaDataset,all_paths,AUC_PRC,Pseudotime,0.5987654320987654,True
Moscot,MaDataset,all_paths,PRECISION,Pseudotime,0.9,True
Moscot,MaDataset,all_paths,RECALL,Pseudotime,1.0,True
Moscot,MaDataset,all_paths,AUC_ROC,Pseudotime,0.5079365079365079,True
Moscot,MaDataset,simple,threshold,Pseudotime,0.09785203,True
Moscot,MaDataset,simple,F1,Pseudotime,0.8571428571428571,True
Moscot,MaDataset,simple,AUC_PRC,Pseudotime,0.6388888888888888,True
Moscot,MaDataset,simple,PRECISION,Pseudotime,0.75,True
Moscot,MaDataset,simple,RECALL,Pseudotime,1.0,True
Moscot,MaDataset,simple,AUC_ROC,Pseudotime,0.9230769230769232,True
Moscot,SuoDataset,all_paths,JaccardSimilarity,Real Time,0.625,True
Moscot,SuoDataset,simple,JaccardSimilarity,Real Time,0.0909090909090909,True
Moscot,GarciaAlonsoDataset,all_paths,JaccardSimilarity,Real Time,0.5,True
Moscot,GarciaAlonsoDataset,simple,JaccardSimilarity,Real Time,0.2083333333333333,True
Moscot,MaDataset,all_paths,JaccardSimilarity,Real Time,0.7777777777777778,True
Moscot,MaDataset,simple,JaccardSimilarity,Real Time,0.3333333333333333,True
Moscot,GarciaAlonsoDataset,all_paths,JaccardSimilarity,Pseudotime,0.72,True
Moscot,GarciaAlonsoDataset,simple,JaccardSimilarity,Pseudotime,0.4166666666666667,True
Moscot,SuoDataset,all_paths,JaccardSimilarity,Pseudotime,0.5977011494252874,True
Moscot,SuoDataset,simple,JaccardSimilarity,Pseudotime,0.1052631578947368,True
Moscot,MaDataset,all_paths,JaccardSimilarity,Pseudotime,0.9,True
Moscot,MaDataset,simple,JaccardSimilarity,Pseudotime,0.75,True
scNODE-embeds,SuoDataset,all_paths,threshold,Real Time,0.023322044,False
scNODE-embeds,SuoDataset,all_paths,F1,Real Time,0.7910447761194029,False
scNODE-embeds,SuoDataset,all_paths,AUC_PRC,Real Time,0.509862831485581,False
scNODE-embeds,SuoDataset,all_paths,PRECISION,Real Time,0.7361111111111112,False
scNODE-embeds,SuoDataset,all_paths,RECALL,Real Time,0.8548387096774194,False
scNODE-embeds,SuoDataset,all_paths,AUC_ROC,Real Time,0.4628212137780207,False
scNODE-embeds,SuoDataset,simple,threshold,Real Time,0.0044727335,False
scNODE-embeds,SuoDataset,simple,F1,Real Time,0.2909090909090909,False
scNODE-embeds,SuoDataset,simple,AUC_PRC,Real Time,0.2118445649121641,False
scNODE-embeds,SuoDataset,simple,PRECISION,Real Time,0.1777777777777777,False
scNODE-embeds,SuoDataset,simple,RECALL,Real Time,0.8,False
scNODE-embeds,SuoDataset,simple,AUC_ROC,Real Time,0.7175675675675676,False
scNODE-embeds,GarciaAlonsoDataset,all_paths,threshold,Real Time,0.28877005,False
scNODE-embeds,GarciaAlonsoDataset,all_paths,F1,Real Time,0.5384615384615384,False
scNODE-embeds,GarciaAlonsoDataset,all_paths,AUC_PRC,Real Time,0.4311928714442699,False
scNODE-embeds,GarciaAlonsoDataset,all_paths,PRECISION,Real Time,0.875,False
scNODE-embeds,GarciaAlonsoDataset,all_paths,RECALL,Real Time,0.3888888888888889,False
scNODE-embeds,GarciaAlonsoDataset,all_paths,AUC_ROC,Real Time,0.2808641975308642,False
scNODE-embeds,GarciaAlonsoDataset,simple,threshold,Real Time,0.012603983,False
scNODE-embeds,GarciaAlonsoDataset,simple,F1,Real Time,0.4166666666666667,False
scNODE-embeds,GarciaAlonsoDataset,simple,AUC_PRC,Real Time,0.3426315789473684,False
scNODE-embeds,GarciaAlonsoDataset,simple,PRECISION,Real Time,0.2631578947368421,False
scNODE-embeds,GarciaAlonsoDataset,simple,RECALL,Real Time,1.0,False
scNODE-embeds,GarciaAlonsoDataset,simple,AUC_ROC,Real Time,0.7612903225806451,False
scNODE-embeds,MaDataset,all_paths,threshold,Real Time,0.12913166,False
scNODE-embeds,MaDataset,all_paths,F1,Real Time,0.875,False
scNODE-embeds,MaDataset,all_paths,AUC_PRC,Real Time,0.6338383838383839,False
scNODE-embeds,MaDataset,all_paths,PRECISION,Real Time,1.0,False
scNODE-embeds,MaDataset,all_paths,RECALL,Real Time,0.7777777777777778,False
scNODE-embeds,MaDataset,all_paths,AUC_ROC,Real Time,0.3650793650793651,False
scNODE-embeds,MaDataset,simple,threshold,Real Time,0.12913166,False
scNODE-embeds,MaDataset,simple,F1,Real Time,0.8,False
scNODE-embeds,MaDataset,simple,AUC_PRC,Real Time,0.7575757575757576,False
scNODE-embeds,MaDataset,simple,PRECISION,Real Time,1.0,False
scNODE-embeds,MaDataset,simple,RECALL,Real Time,0.6666666666666666,False
scNODE-embeds,MaDataset,simple,AUC_ROC,Real Time,0.7948717948717948,False
scNODE-embeds,GarciaAlonsoDataset,all_paths,threshold,Pseudotime,0.03448276,False
scNODE-embeds,GarciaAlonsoDataset,all_paths,F1,Pseudotime,0.8372093023255814,False
scNODE-embeds,GarciaAlonsoDataset,all_paths,AUC_PRC,Pseudotime,0.5062964569543517,False
scNODE-embeds,GarciaAlonsoDataset,all_paths,PRECISION,Pseudotime,0.72,False
scNODE-embeds,GarciaAlonsoDataset,all_paths,RECALL,Pseudotime,1.0,False
scNODE-embeds,GarciaAlonsoDataset,all_paths,AUC_ROC,Pseudotime,0.5,False
scNODE-embeds,GarciaAlonsoDataset,simple,threshold,Pseudotime,0.015943095,False
scNODE-embeds,GarciaAlonsoDataset,simple,F1,Pseudotime,0.5555555555555556,False
scNODE-embeds,GarciaAlonsoDataset,simple,AUC_PRC,Pseudotime,0.4035897435897436,False
scNODE-embeds,GarciaAlonsoDataset,simple,PRECISION,Pseudotime,0.3846153846153846,False
scNODE-embeds,GarciaAlonsoDataset,simple,RECALL,Pseudotime,1.0,False
scNODE-embeds,GarciaAlonsoDataset,simple,AUC_ROC,Pseudotime,0.8580645161290323,False
scNODE-embeds,SuoDataset,all_paths,threshold,Pseudotime,0.12073946,False
scNODE-embeds,SuoDataset,all_paths,F1,Pseudotime,0.4888888888888889,False
scNODE-embeds,SuoDataset,all_paths,AUC_PRC,Pseudotime,0.5193965433880701,False
scNODE-embeds,SuoDataset,all_paths,PRECISION,Pseudotime,0.7857142857142857,False
scNODE-embeds,SuoDataset,all_paths,RECALL,Pseudotime,0.3548387096774194,False
scNODE-embeds,SuoDataset,all_paths,AUC_ROC,Pseudotime,0.4361673045379989,False
scNODE-embeds,SuoDataset,simple,threshold,Pseudotime,0.009300485,False
scNODE-embeds,SuoDataset,simple,F1,Pseudotime,0.2666666666666666,False
scNODE-embeds,SuoDataset,simple,AUC_PRC,Pseudotime,0.1678469732829332,False
scNODE-embeds,SuoDataset,simple,PRECISION,Pseudotime,0.16,False
scNODE-embeds,SuoDataset,simple,RECALL,Pseudotime,0.8,False
scNODE-embeds,SuoDataset,simple,AUC_ROC,Pseudotime,0.6387387387387388,False
scNODE-embeds,MaDataset,all_paths,threshold,Pseudotime,0.10379956,False
scNODE-embeds,MaDataset,all_paths,F1,Pseudotime,0.9,False
scNODE-embeds,MaDataset,all_paths,AUC_PRC,Pseudotime,0.5450617283950618,False
scNODE-embeds,MaDataset,all_paths,PRECISION,Pseudotime,0.8181818181818182,False
scNODE-embeds,MaDataset,all_paths,RECALL,Pseudotime,1.0,False
scNODE-embeds,MaDataset,all_paths,AUC_ROC,Pseudotime,0.4444444444444445,False
scNODE-embeds,MaDataset,simple,threshold,Pseudotime,0.10379956,False
scNODE-embeds,MaDataset,simple,F1,Pseudotime,0.75,False
scNODE-embeds,MaDataset,simple,AUC_PRC,Pseudotime,0.5333333333333333,False
scNODE-embeds,MaDataset,simple,PRECISION,Pseudotime,0.6,False
scNODE-embeds,MaDataset,simple,RECALL,Pseudotime,1.0,False
scNODE-embeds,MaDataset,simple,AUC_ROC,Pseudotime,0.8717948717948718,False
scNODE-embeds,SuoDataset,all_paths,JaccardSimilarity,Real Time,0.654320987654321,False
scNODE-embeds,SuoDataset,simple,JaccardSimilarity,Real Time,0.1702127659574468,False
scNODE-embeds,GarciaAlonsoDataset,all_paths,JaccardSimilarity,Real Time,0.3684210526315789,False
scNODE-embeds,GarciaAlonsoDataset,simple,JaccardSimilarity,Real Time,0.2631578947368421,False
scNODE-embeds,MaDataset,all_paths,JaccardSimilarity,Real Time,0.7777777777777778,False
scNODE-embeds,MaDataset,simple,JaccardSimilarity,Real Time,0.6666666666666666,False
scNODE-embeds,GarciaAlonsoDataset,all_paths,JaccardSimilarity,Pseudotime,0.72,False
scNODE-embeds,GarciaAlonsoDataset,simple,JaccardSimilarity,Pseudotime,0.3846153846153846,False
scNODE-embeds,SuoDataset,all_paths,JaccardSimilarity,Pseudotime,0.3235294117647059,False
scNODE-embeds,SuoDataset,simple,JaccardSimilarity,Pseudotime,0.1538461538461538,False
scNODE-embeds,MaDataset,all_paths,JaccardSimilarity,Pseudotime,0.8181818181818182,False
scNODE-embeds,MaDataset,simple,JaccardSimilarity,Pseudotime,0.6,False
scNODE-embeds,SuoDataset,all_paths,threshold,Real Time,0.023322044,True
scNODE-embeds,SuoDataset,all_paths,F1,Real Time,0.7910447761194029,True
scNODE-embeds,SuoDataset,all_paths,AUC_PRC,Real Time,0.509862831485581,True
scNODE-embeds,SuoDataset,all_paths,PRECISION,Real Time,0.7361111111111112,True
scNODE-embeds,SuoDataset,all_paths,RECALL,Real Time,0.8548387096774194,True
scNODE-embeds,SuoDataset,all_paths,AUC_ROC,Real Time,0.4628212137780207,True
scNODE-embeds,SuoDataset,simple,threshold,Real Time,0.0,True
scNODE-embeds,SuoDataset,simple,F1,Real Time,0.1666666666666666,True
scNODE-embeds,SuoDataset,simple,AUC_PRC,Real Time,0.2118445649121641,True
scNODE-embeds,SuoDataset,simple,PRECISION,Real Time,0.0909090909090909,True
scNODE-embeds,SuoDataset,simple,RECALL,Real Time,1.0,True
scNODE-embeds,SuoDataset,simple,AUC_ROC,Real Time,0.7175675675675676,True
scNODE-embeds,GarciaAlonsoDataset,all_paths,threshold,Real Time,0.024955885,True
scNODE-embeds,GarciaAlonsoDataset,all_paths,F1,Real Time,0.6666666666666666,True
scNODE-embeds,GarciaAlonsoDataset,all_paths,AUC_PRC,Real Time,0.4311928714442699,True
scNODE-embeds,GarciaAlonsoDataset,all_paths,PRECISION,Real Time,0.5,True
scNODE-embeds,GarciaAlonsoDataset,all_paths,RECALL,Real Time,1.0,True
scNODE-embeds,GarciaAlonsoDataset,all_paths,AUC_ROC,Real Time,0.2808641975308642,True
scNODE-embeds,GarciaAlonsoDataset,simple,threshold,Real Time,0.012603983,True
scNODE-embeds,GarciaAlonsoDataset,simple,F1,Real Time,0.4166666666666667,True
scNODE-embeds,GarciaAlonsoDataset,simple,AUC_PRC,Real Time,0.3426315789473684,True
scNODE-embeds,GarciaAlonsoDataset,simple,PRECISION,Real Time,0.2631578947368421,True
scNODE-embeds,GarciaAlonsoDataset,simple,RECALL,Real Time,1.0,True
scNODE-embeds,GarciaAlonsoDataset,simple,AUC_ROC,Real Time,0.7612903225806451,True
scNODE-embeds,MaDataset,all_paths,threshold,Real Time,0.12913166,True
scNODE-embeds,MaDataset,all_paths,F1,Real Time,0.875,True
scNODE-embeds,MaDataset,all_paths,AUC_PRC,Real Time,0.6338383838383839,True
scNODE-embeds,MaDataset,all_paths,PRECISION,Real Time,1.0,True
scNODE-embeds,MaDataset,all_paths,RECALL,Real Time,0.7777777777777778,True
scNODE-embeds,MaDataset,all_paths,AUC_ROC,Real Time,0.3650793650793651,True
scNODE-embeds,MaDataset,simple,threshold,Real Time,0.001003009,True
scNODE-embeds,MaDataset,simple,F1,Real Time,0.4285714285714285,True
scNODE-embeds,MaDataset,simple,AUC_PRC,Real Time,0.7575757575757576,True
scNODE-embeds,MaDataset,simple,PRECISION,Real Time,0.2727272727272727,True
scNODE-embeds,MaDataset,simple,RECALL,Real Time,1.0,True
scNODE-embeds,MaDataset,simple,AUC_ROC,Real Time,0.7948717948717948,True
scNODE-embeds,GarciaAlonsoDataset,all_paths,threshold,Pseudotime,0.03448276,True
scNODE-embeds,GarciaAlonsoDataset,all_paths,F1,Pseudotime,0.8372093023255814,True
scNODE-embeds,GarciaAlonsoDataset,all_paths,AUC_PRC,Pseudotime,0.5062964569543517,True
scNODE-embeds,GarciaAlonsoDataset,all_paths,PRECISION,Pseudotime,0.72,True
scNODE-embeds,GarciaAlonsoDataset,all_paths,RECALL,Pseudotime,1.0,True
scNODE-embeds,GarciaAlonsoDataset,all_paths,AUC_ROC,Pseudotime,0.5,True
scNODE-embeds,GarciaAlonsoDataset,simple,threshold,Pseudotime,0.015943095,True
scNODE-embeds,GarciaAlonsoDataset,simple,F1,Pseudotime,0.5555555555555556,True
scNODE-embeds,GarciaAlonsoDataset,simple,AUC_PRC,Pseudotime,0.4035897435897436,True
scNODE-embeds,GarciaAlonsoDataset,simple,PRECISION,Pseudotime,0.3846153846153846,True
scNODE-embeds,GarciaAlonsoDataset,simple,RECALL,Pseudotime,1.0,True
scNODE-embeds,GarciaAlonsoDataset,simple,AUC_ROC,Pseudotime,0.8580645161290323,True
scNODE-embeds,SuoDataset,all_paths,threshold,Pseudotime,0.0003878976,True
scNODE-embeds,SuoDataset,all_paths,F1,Pseudotime,0.6775956284153005,True
scNODE-embeds,SuoDataset,all_paths,AUC_PRC,Pseudotime,0.5193965433880701,True
scNODE-embeds,SuoDataset,all_paths,PRECISION,Pseudotime,0.512396694214876,True
scNODE-embeds,SuoDataset,all_paths,RECALL,Pseudotime,1.0,True
scNODE-embeds,SuoDataset,all_paths,AUC_ROC,Pseudotime,0.4361673045379989,True
scNODE-embeds,SuoDataset,simple,threshold,Pseudotime,0.0,True
scNODE-embeds,SuoDataset,simple,F1,Pseudotime,0.1666666666666666,True
scNODE-embeds,SuoDataset,simple,AUC_PRC,Pseudotime,0.1678469732829332,True
scNODE-embeds,SuoDataset,simple,PRECISION,Pseudotime,0.0909090909090909,True
scNODE-embeds,SuoDataset,simple,RECALL,Pseudotime,1.0,True
scNODE-embeds,SuoDataset,simple,AUC_ROC,Pseudotime,0.6387387387387388,True
scNODE-embeds,MaDataset,all_paths,threshold,Pseudotime,0.10379956,True
scNODE-embeds,MaDataset,all_paths,F1,Pseudotime,0.9,True
scNODE-embeds,MaDataset,all_paths,AUC_PRC,Pseudotime,0.5450617283950618,True
scNODE-embeds,MaDataset,all_paths,PRECISION,Pseudotime,0.8181818181818182,True
scNODE-embeds,MaDataset,all_paths,RECALL,Pseudotime,1.0,True
scNODE-embeds,MaDataset,all_paths,AUC_ROC,Pseudotime,0.4444444444444445,True
scNODE-embeds,MaDataset,simple,threshold,Pseudotime,0.10379956,True
scNODE-embeds,MaDataset,simple,F1,Pseudotime,0.75,True
scNODE-embeds,MaDataset,simple,AUC_PRC,Pseudotime,0.5333333333333333,True
scNODE-embeds,MaDataset,simple,PRECISION,Pseudotime,0.6,True
scNODE-embeds,MaDataset,simple,RECALL,Pseudotime,1.0,True
scNODE-embeds,MaDataset,simple,AUC_ROC,Pseudotime,0.8717948717948718,True
scNODE-embeds,SuoDataset,all_paths,JaccardSimilarity,Real Time,0.654320987654321,True
scNODE-embeds,SuoDataset,simple,JaccardSimilarity,Real Time,0.0909090909090909,True
scNODE-embeds,GarciaAlonsoDataset,all_paths,JaccardSimilarity,Real Time,0.5,True
scNODE-embeds,GarciaAlonsoDataset,simple,JaccardSimilarity,Real Time,0.2631578947368421,True
scNODE-embeds,MaDataset,all_paths,JaccardSimilarity,Real Time,0.7777777777777778,True
scNODE-embeds,MaDataset,simple,JaccardSimilarity,Real Time,0.2727272727272727,True
scNODE-embeds,GarciaAlonsoDataset,all_paths,JaccardSimilarity,Pseudotime,0.72,True
scNODE-embeds,GarciaAlonsoDataset,simple,JaccardSimilarity,Pseudotime,0.3846153846153846,True
scNODE-embeds,SuoDataset,all_paths,JaccardSimilarity,Pseudotime,0.512396694214876,True
scNODE-embeds,SuoDataset,simple,JaccardSimilarity,Pseudotime,0.0909090909090909,True
scNODE-embeds,MaDataset,all_paths,JaccardSimilarity,Pseudotime,0.8181818181818182,True
scNODE-embeds,MaDataset,simple,JaccardSimilarity,Pseudotime,0.6,True
scNODE,SuoDataset,all_paths,threshold,Real Time,0.023937808,False
scNODE,SuoDataset,all_paths,F1,Real Time,0.7377049180327869,False
scNODE,SuoDataset,all_paths,AUC_PRC,Real Time,0.5399566042554607,False
scNODE,SuoDataset,all_paths,PRECISION,Real Time,0.75,False
scNODE,SuoDataset,all_paths,RECALL,Real Time,0.7258064516129032,False
scNODE,SuoDataset,all_paths,AUC_ROC,Real Time,0.5166757791142701,False
scNODE,SuoDataset,simple,threshold,Real Time,0.011036658,False
scNODE,SuoDataset,simple,F1,Real Time,0.2666666666666666,False
scNODE,SuoDataset,simple,AUC_PRC,Real Time,0.1486275688783525,False
scNODE,SuoDataset,simple,PRECISION,Real Time,0.1714285714285714,False
scNODE,SuoDataset,simple,RECALL,Real Time,0.6,False
scNODE,SuoDataset,simple,AUC_ROC,Real Time,0.6126126126126126,False
scNODE,GarciaAlonsoDataset,all_paths,threshold,Real Time,inf,False
scNODE,GarciaAlonsoDataset,all_paths,F1,Real Time,0.5,False
scNODE,GarciaAlonsoDataset,all_paths,AUC_PRC,Real Time,0.4478395061728395,False
scNODE,GarciaAlonsoDataset,all_paths,PRECISION,Real Time,1.0,False
scNODE,GarciaAlonsoDataset,all_paths,RECALL,Real Time,0.3333333333333333,False
scNODE,GarciaAlonsoDataset,all_paths,AUC_ROC,Real Time,0.228395061728395,False
scNODE,GarciaAlonsoDataset,simple,threshold,Real Time,0.11795407,False
scNODE,GarciaAlonsoDataset,simple,F1,Real Time,0.2666666666666666,False
scNODE,GarciaAlonsoDataset,simple,AUC_PRC,Real Time,0.1455555555555555,False
scNODE,GarciaAlonsoDataset,simple,PRECISION,Real Time,0.2,False
scNODE,GarciaAlonsoDataset,simple,RECALL,Real Time,0.4,False
scNODE,GarciaAlonsoDataset,simple,AUC_ROC,Real Time,0.4709677419354838,False
scNODE,MaDataset,all_paths,threshold,Real Time,0.5416249,False
scNODE,MaDataset,all_paths,F1,Real Time,0.6666666666666666,False
scNODE,MaDataset,all_paths,AUC_PRC,Real Time,0.5305555555555557,False
scNODE,MaDataset,all_paths,PRECISION,Real Time,0.8333333333333334,False
scNODE,MaDataset,all_paths,RECALL,Real Time,0.5555555555555556,False
scNODE,MaDataset,all_paths,AUC_ROC,Real Time,0.365079365079365,False
scNODE,MaDataset,simple,threshold,Real Time,0.016048145,False
scNODE,MaDataset,simple,F1,Real Time,0.4444444444444444,False
scNODE,MaDataset,simple,AUC_PRC,Real Time,0.3402777777777778,False
scNODE,MaDataset,simple,PRECISION,Real Time,0.3333333333333333,False
scNODE,MaDataset,simple,RECALL,Real Time,0.6666666666666666,False
scNODE,MaDataset,simple,AUC_ROC,Real Time,0.641025641025641,False
scNODE,GarciaAlonsoDataset,all_paths,threshold,Pseudotime,0.9401755,False
scNODE,GarciaAlonsoDataset,all_paths,F1,Pseudotime,0.5,False
scNODE,GarciaAlonsoDataset,all_paths,AUC_PRC,Pseudotime,0.4357193732193732,False
scNODE,GarciaAlonsoDataset,all_paths,PRECISION,Pseudotime,1.0,False
scNODE,GarciaAlonsoDataset,all_paths,RECALL,Pseudotime,0.3333333333333333,False
scNODE,GarciaAlonsoDataset,all_paths,AUC_ROC,Pseudotime,0.3487654320987654,False
scNODE,GarciaAlonsoDataset,simple,threshold,Pseudotime,0.026588673,False
scNODE,GarciaAlonsoDataset,simple,F1,Pseudotime,0.3333333333333333,False
scNODE,GarciaAlonsoDataset,simple,AUC_PRC,Pseudotime,0.185042735042735,False
scNODE,GarciaAlonsoDataset,simple,PRECISION,Pseudotime,0.2307692307692307,False
scNODE,GarciaAlonsoDataset,simple,RECALL,Pseudotime,0.6,False
scNODE,GarciaAlonsoDataset,simple,AUC_ROC,Pseudotime,0.5806451612903225,False
scNODE,SuoDataset,all_paths,threshold,Pseudotime,0.020412093,False
scNODE,SuoDataset,all_paths,F1,Pseudotime,0.6782608695652174,False
scNODE,SuoDataset,all_paths,AUC_PRC,Pseudotime,0.5984675333018853,False
scNODE,SuoDataset,all_paths,PRECISION,Pseudotime,0.7358490566037735,False
scNODE,SuoDataset,all_paths,RECALL,Pseudotime,0.6290322580645161,False
scNODE,SuoDataset,all_paths,AUC_ROC,Pseudotime,0.5984144341170038,False
scNODE,SuoDataset,simple,threshold,Pseudotime,0.011279311,False
scNODE,SuoDataset,simple,F1,Pseudotime,0.2040816326530612,False
scNODE,SuoDataset,simple,AUC_PRC,Pseudotime,0.1897884570893653,False
scNODE,SuoDataset,simple,PRECISION,Pseudotime,0.1282051282051282,False
scNODE,SuoDataset,simple,RECALL,Pseudotime,0.5,False
scNODE,SuoDataset,simple,AUC_ROC,Pseudotime,0.5612612612612613,False
scNODE,MaDataset,all_paths,threshold,Pseudotime,0.019273128,False
scNODE,MaDataset,all_paths,F1,Pseudotime,0.7,False
scNODE,MaDataset,all_paths,AUC_PRC,Pseudotime,0.480489417989418,False
scNODE,MaDataset,all_paths,PRECISION,Pseudotime,0.6363636363636364,False
scNODE,MaDataset,all_paths,RECALL,Pseudotime,0.7777777777777778,False
scNODE,MaDataset,all_paths,AUC_ROC,Pseudotime,0.3253968253968254,False
scNODE,MaDataset,simple,threshold,Pseudotime,0.03818616,False
scNODE,MaDataset,simple,F1,Pseudotime,0.4444444444444444,False
scNODE,MaDataset,simple,AUC_PRC,Pseudotime,0.2569444444444444,False
scNODE,MaDataset,simple,PRECISION,Pseudotime,0.3333333333333333,False
scNODE,MaDataset,simple,RECALL,Pseudotime,0.6666666666666666,False
scNODE,MaDataset,simple,AUC_ROC,Pseudotime,0.5769230769230769,False
scNODE,SuoDataset,all_paths,JaccardSimilarity,Real Time,0.5844155844155844,False
scNODE,SuoDataset,simple,JaccardSimilarity,Real Time,0.1538461538461538,False
scNODE,GarciaAlonsoDataset,all_paths,JaccardSimilarity,Real Time,0.3333333333333333,False
scNODE,GarciaAlonsoDataset,simple,JaccardSimilarity,Real Time,0.1538461538461538,False
scNODE,MaDataset,all_paths,JaccardSimilarity,Real Time,0.5,False
scNODE,MaDataset,simple,JaccardSimilarity,Real Time,0.2857142857142857,False
scNODE,GarciaAlonsoDataset,all_paths,JaccardSimilarity,Pseudotime,0.3333333333333333,False
scNODE,GarciaAlonsoDataset,simple,JaccardSimilarity,Pseudotime,0.2,False
scNODE,SuoDataset,all_paths,JaccardSimilarity,Pseudotime,0.5131578947368421,False
scNODE,SuoDataset,simple,JaccardSimilarity,Pseudotime,0.1136363636363636,False
scNODE,MaDataset,all_paths,JaccardSimilarity,Pseudotime,0.5384615384615384,False
scNODE,MaDataset,simple,JaccardSimilarity,Pseudotime,0.2857142857142857,False
scNODE,SuoDataset,all_paths,threshold,Real Time,0.0,True
scNODE,SuoDataset,all_paths,F1,Real Time,0.6775956284153005,True
scNODE,SuoDataset,all_paths,AUC_PRC,Real Time,0.5399566042554607,True
scNODE,SuoDataset,all_paths,PRECISION,Real Time,0.512396694214876,True
scNODE,SuoDataset,all_paths,RECALL,Real Time,1.0,True
scNODE,SuoDataset,all_paths,AUC_ROC,Real Time,0.5166757791142701,True
scNODE,SuoDataset,simple,threshold,Real Time,0.0,True
scNODE,SuoDataset,simple,F1,Real Time,0.1666666666666666,True
scNODE,SuoDataset,simple,AUC_PRC,Real Time,0.1486275688783525,True
scNODE,SuoDataset,simple,PRECISION,Real Time,0.0909090909090909,True
scNODE,SuoDataset,simple,RECALL,Real Time,1.0,True
scNODE,SuoDataset,simple,AUC_ROC,Real Time,0.6126126126126126,True
scNODE,GarciaAlonsoDataset,all_paths,threshold,Real Time,0.0,True
scNODE,GarciaAlonsoDataset,all_paths,F1,Real Time,0.6666666666666666,True
scNODE,GarciaAlonsoDataset,all_paths,AUC_PRC,Real Time,0.4478395061728395,True
scNODE,GarciaAlonsoDataset,all_paths,PRECISION,Real Time,0.5,True
scNODE,GarciaAlonsoDataset,all_paths,RECALL,Real Time,1.0,True
scNODE,GarciaAlonsoDataset,all_paths,AUC_ROC,Real Time,0.228395061728395,True
scNODE,GarciaAlonsoDataset,simple,threshold,Real Time,0.0,True
scNODE,GarciaAlonsoDataset,simple,F1,Real Time,0.2857142857142857,True
scNODE,GarciaAlonsoDataset,simple,AUC_PRC,Real Time,0.1455555555555555,True
scNODE,GarciaAlonsoDataset,simple,PRECISION,Real Time,0.1666666666666666,True
scNODE,GarciaAlonsoDataset,simple,RECALL,Real Time,1.0,True
scNODE,GarciaAlonsoDataset,simple,AUC_ROC,Real Time,0.4709677419354838,True
scNODE,MaDataset,all_paths,threshold,Real Time,0.0,True
scNODE,MaDataset,all_paths,F1,Real Time,0.72,True
scNODE,MaDataset,all_paths,AUC_PRC,Real Time,0.5305555555555557,True
scNODE,MaDataset,all_paths,PRECISION,Real Time,0.5625,True
scNODE,MaDataset,all_paths,RECALL,Real Time,1.0,True
scNODE,MaDataset,all_paths,AUC_ROC,Real Time,0.365079365079365,True
scNODE,MaDataset,simple,threshold,Real Time,0.0,True
scNODE,MaDataset,simple,F1,Real Time,0.4,True
scNODE,MaDataset,simple,AUC_PRC,Real Time,0.3402777777777778,True
scNODE,MaDataset,simple,PRECISION,Real Time,0.25,True
scNODE,MaDataset,simple,RECALL,Real Time,1.0,True
scNODE,MaDataset,simple,AUC_ROC,Real Time,0.641025641025641,True
scNODE,GarciaAlonsoDataset,all_paths,threshold,Pseudotime,0.0,True
scNODE,GarciaAlonsoDataset,all_paths,F1,Pseudotime,0.6666666666666666,True
scNODE,GarciaAlonsoDataset,all_paths,AUC_PRC,Pseudotime,0.4357193732193732,True
scNODE,GarciaAlonsoDataset,all_paths,PRECISION,Pseudotime,0.5,True
scNODE,GarciaAlonsoDataset,all_paths,RECALL,Pseudotime,1.0,True
scNODE,GarciaAlonsoDataset,all_paths,AUC_ROC,Pseudotime,0.3487654320987654,True
scNODE,GarciaAlonsoDataset,simple,threshold,Pseudotime,0.0,True
scNODE,GarciaAlonsoDataset,simple,F1,Pseudotime,0.2857142857142857,True
scNODE,GarciaAlonsoDataset,simple,AUC_PRC,Pseudotime,0.185042735042735,True
scNODE,GarciaAlonsoDataset,simple,PRECISION,Pseudotime,0.1666666666666666,True
scNODE,GarciaAlonsoDataset,simple,RECALL,Pseudotime,1.0,True
scNODE,GarciaAlonsoDataset,simple,AUC_ROC,Pseudotime,0.5806451612903225,True
scNODE,SuoDataset,all_paths,threshold,Pseudotime,0.0,True
scNODE,SuoDataset,all_paths,F1,Pseudotime,0.6775956284153005,True
scNODE,SuoDataset,all_paths,AUC_PRC,Pseudotime,0.5984675333018853,True
scNODE,SuoDataset,all_paths,PRECISION,Pseudotime,0.512396694214876,True
scNODE,SuoDataset,all_paths,RECALL,Pseudotime,1.0,True
scNODE,SuoDataset,all_paths,AUC_ROC,Pseudotime,0.5984144341170038,True
scNODE,SuoDataset,simple,threshold,Pseudotime,0.9596586,True
scNODE,SuoDataset,simple,F1,Pseudotime,0.1818181818181818,True
scNODE,SuoDataset,simple,AUC_PRC,Pseudotime,0.1897884570893653,True
scNODE,SuoDataset,simple,PRECISION,Pseudotime,1.0,True
scNODE,SuoDataset,simple,RECALL,Pseudotime,0.1,True
scNODE,SuoDataset,simple,AUC_ROC,Pseudotime,0.5612612612612613,True
scNODE,MaDataset,all_paths,threshold,Pseudotime,0.0,True
scNODE,MaDataset,all_paths,F1,Pseudotime,0.72,True
scNODE,MaDataset,all_paths,AUC_PRC,Pseudotime,0.480489417989418,True
scNODE,MaDataset,all_paths,PRECISION,Pseudotime,0.5625,True
scNODE,MaDataset,all_paths,RECALL,Pseudotime,1.0,True
scNODE,MaDataset,all_paths,AUC_ROC,Pseudotime,0.3253968253968254,True
scNODE,MaDataset,simple,threshold,Pseudotime,0.0,True
scNODE,MaDataset,simple,F1,Pseudotime,0.4,True
scNODE,MaDataset,simple,AUC_PRC,Pseudotime,0.2569444444444444,True
scNODE,MaDataset,simple,PRECISION,Pseudotime,0.25,True
scNODE,MaDataset,simple,RECALL,Pseudotime,1.0,True
scNODE,MaDataset,simple,AUC_ROC,Pseudotime,0.5769230769230769,True
scNODE,SuoDataset,all_paths,JaccardSimilarity,Real Time,0.512396694214876,True
scNODE,SuoDataset,simple,JaccardSimilarity,Real Time,0.0909090909090909,True
scNODE,GarciaAlonsoDataset,all_paths,JaccardSimilarity,Real Time,0.5,True
scNODE,GarciaAlonsoDataset,simple,JaccardSimilarity,Real Time,0.1666666666666666,True
scNODE,MaDataset,all_paths,JaccardSimilarity,Real Time,0.5625,True
scNODE,MaDataset,simple,JaccardSimilarity,Real Time,0.25,True
scNODE,GarciaAlonsoDataset,all_paths,JaccardSimilarity,Pseudotime,0.5,True
scNODE,GarciaAlonsoDataset,simple,JaccardSimilarity,Pseudotime,0.1666666666666666,True
scNODE,SuoDataset,all_paths,JaccardSimilarity,Pseudotime,0.512396694214876,True
scNODE,SuoDataset,simple,JaccardSimilarity,Pseudotime,0.1,True
scNODE,MaDataset,all_paths,JaccardSimilarity,Pseudotime,0.5625,True
scNODE,MaDataset,simple,JaccardSimilarity,Pseudotime,0.25,True
WOT,GarciaAlonsoDataset,all_paths,threshold,Real Time,0.46137786,False
WOT,GarciaAlonsoDataset,all_paths,F1,Real Time,0.56,False
WOT,GarciaAlonsoDataset,all_paths,AUC_PRC,Real Time,0.4397515845452294,False
WOT,GarciaAlonsoDataset,all_paths,PRECISION,Real Time,1.0,False
WOT,GarciaAlonsoDataset,all_paths,RECALL,Real Time,0.3888888888888889,False
WOT,GarciaAlonsoDataset,all_paths,AUC_ROC,Real Time,0.2407407407407407,False
WOT,GarciaAlonsoDataset,simple,threshold,Real Time,0.022727273,False
WOT,GarciaAlonsoDataset,simple,F1,Real Time,0.3703703703703703,False
WOT,GarciaAlonsoDataset,simple,AUC_PRC,Real Time,0.3698989898989899,False
WOT,GarciaAlonsoDataset,simple,PRECISION,Real Time,0.2272727272727272,False
WOT,GarciaAlonsoDataset,simple,RECALL,Real Time,1.0,False
WOT,GarciaAlonsoDataset,simple,AUC_ROC,Real Time,0.6645161290322581,False
WOT,GarciaAlonsoDataset,all_paths,threshold,Pseudotime,0.07437186,False
WOT,GarciaAlonsoDataset,all_paths,F1,Pseudotime,0.8372093023255814,False
WOT,GarciaAlonsoDataset,all_paths,AUC_PRC,Pseudotime,0.5486217888391801,False
WOT,GarciaAlonsoDataset,all_paths,PRECISION,Pseudotime,0.72,False
WOT,GarciaAlonsoDataset,all_paths,RECALL,Pseudotime,1.0,False
WOT,GarciaAlonsoDataset,all_paths,AUC_ROC,Pseudotime,0.4645061728395062,False
WOT,GarciaAlonsoDataset,simple,threshold,Pseudotime,0.033357862,False
WOT,GarciaAlonsoDataset,simple,F1,Pseudotime,0.5555555555555556,False
WOT,GarciaAlonsoDataset,simple,AUC_PRC,Pseudotime,0.5759706959706961,False
WOT,GarciaAlonsoDataset,simple,PRECISION,Pseudotime,0.3846153846153846,False
WOT,GarciaAlonsoDataset,simple,RECALL,Pseudotime,1.0,False
WOT,GarciaAlonsoDataset,simple,AUC_ROC,Pseudotime,0.8774193548387097,False
WOT,MaDataset,all_paths,threshold,Real Time,0.086834736,False
WOT,MaDataset,all_paths,F1,Real Time,0.875,False
WOT,MaDataset,all_paths,AUC_PRC,Real Time,0.7268518518518519,False
WOT,MaDataset,all_paths,PRECISION,Real Time,1.0,False
WOT,MaDataset,all_paths,RECALL,Real Time,0.7777777777777778,False
WOT,MaDataset,all_paths,AUC_ROC,Real Time,0.6031746031746031,False
WOT,MaDataset,simple,threshold,Real Time,0.007021063,False
WOT,MaDataset,simple,F1,Real Time,0.6666666666666666,False
WOT,MaDataset,simple,AUC_PRC,Real Time,0.8333333333333333,False
WOT,MaDataset,simple,PRECISION,Real Time,0.5,False
WOT,MaDataset,simple,RECALL,Real Time,1.0,False
WOT,MaDataset,simple,AUC_ROC,Real Time,0.9230769230769232,False
WOT,MaDataset,all_paths,threshold,Pseudotime,0.09471366,False
WOT,MaDataset,all_paths,F1,Pseudotime,0.9473684210526316,False
WOT,MaDataset,all_paths,AUC_PRC,Pseudotime,0.5987654320987654,False
WOT,MaDataset,all_paths,PRECISION,Pseudotime,0.9,False
WOT,MaDataset,all_paths,RECALL,Pseudotime,1.0,False
WOT,MaDataset,all_paths,AUC_ROC,Pseudotime,0.5079365079365079,False
WOT,MaDataset,simple,threshold,Pseudotime,0.09471366,False
WOT,MaDataset,simple,F1,Pseudotime,0.8571428571428571,False
WOT,MaDataset,simple,AUC_PRC,Pseudotime,0.6388888888888888,False
WOT,MaDataset,simple,PRECISION,Pseudotime,0.75,False
WOT,MaDataset,simple,RECALL,Pseudotime,1.0,False
WOT,MaDataset,simple,AUC_ROC,Pseudotime,0.9230769230769232,False
WOT,GarciaAlonsoDataset,all_paths,JaccardSimilarity,Real Time,0.3888888888888889,False
WOT,GarciaAlonsoDataset,simple,JaccardSimilarity,Real Time,0.2272727272727272,False
WOT,GarciaAlonsoDataset,all_paths,JaccardSimilarity,Pseudotime,0.72,False
WOT,GarciaAlonsoDataset,simple,JaccardSimilarity,Pseudotime,0.3846153846153846,False
WOT,MaDataset,all_paths,JaccardSimilarity,Real Time,0.7777777777777778,False
WOT,MaDataset,simple,JaccardSimilarity,Real Time,0.5,False
WOT,MaDataset,all_paths,JaccardSimilarity,Pseudotime,0.9,False
WOT,MaDataset,simple,JaccardSimilarity,Pseudotime,0.75,False
WOT,GarciaAlonsoDataset,all_paths,threshold,Real Time,0.06251576,True
WOT,GarciaAlonsoDataset,all_paths,F1,Real Time,0.6666666666666666,True
WOT,GarciaAlonsoDataset,all_paths,AUC_PRC,Real Time,0.4397515845452294,True
WOT,GarciaAlonsoDataset,all_paths,PRECISION,Real Time,0.5,True
WOT,GarciaAlonsoDataset,all_paths,RECALL,Real Time,1.0,True
WOT,GarciaAlonsoDataset,all_paths,AUC_ROC,Real Time,0.2407407407407407,True
WOT,GarciaAlonsoDataset,simple,threshold,Real Time,0.022727273,True
WOT,GarciaAlonsoDataset,simple,F1,Real Time,0.3703703703703703,True
WOT,GarciaAlonsoDataset,simple,AUC_PRC,Real Time,0.3698989898989899,True
WOT,GarciaAlonsoDataset,simple,PRECISION,Real Time,0.2272727272727272,True
WOT,GarciaAlonsoDataset,simple,RECALL,Real Time,1.0,True
WOT,GarciaAlonsoDataset,simple,AUC_ROC,Real Time,0.6645161290322581,True
WOT,GarciaAlonsoDataset,all_paths,threshold,Pseudotime,0.07437186,True
WOT,GarciaAlonsoDataset,all_paths,F1,Pseudotime,0.8372093023255814,True
WOT,GarciaAlonsoDataset,all_paths,AUC_PRC,Pseudotime,0.5486217888391801,True
WOT,GarciaAlonsoDataset,all_paths,PRECISION,Pseudotime,0.72,True
WOT,GarciaAlonsoDataset,all_paths,RECALL,Pseudotime,1.0,True
WOT,GarciaAlonsoDataset,all_paths,AUC_ROC,Pseudotime,0.4645061728395062,True
WOT,GarciaAlonsoDataset,simple,threshold,Pseudotime,0.033357862,True
WOT,GarciaAlonsoDataset,simple,F1,Pseudotime,0.5555555555555556,True
WOT,GarciaAlonsoDataset,simple,AUC_PRC,Pseudotime,0.5759706959706961,True
WOT,GarciaAlonsoDataset,simple,PRECISION,Pseudotime,0.3846153846153846,True
WOT,GarciaAlonsoDataset,simple,RECALL,Pseudotime,1.0,True
WOT,GarciaAlonsoDataset,simple,AUC_ROC,Pseudotime,0.8774193548387097,True
WOT,MaDataset,all_paths,threshold,Real Time,0.086834736,True
WOT,MaDataset,all_paths,F1,Real Time,0.875,True
WOT,MaDataset,all_paths,AUC_PRC,Real Time,0.7268518518518519,True
WOT,MaDataset,all_paths,PRECISION,Real Time,1.0,True
WOT,MaDataset,all_paths,RECALL,Real Time,0.7777777777777778,True
WOT,MaDataset,all_paths,AUC_ROC,Real Time,0.6031746031746031,True
WOT,MaDataset,simple,threshold,Real Time,0.007021063,True
WOT,MaDataset,simple,F1,Real Time,0.6666666666666666,True
WOT,MaDataset,simple,AUC_PRC,Real Time,0.8333333333333333,True
WOT,MaDataset,simple,PRECISION,Real Time,0.5,True
WOT,MaDataset,simple,RECALL,Real Time,1.0,True
WOT,MaDataset,simple,AUC_ROC,Real Time,0.9230769230769232,True
WOT,MaDataset,all_paths,threshold,Pseudotime,0.09471366,True
WOT,MaDataset,all_paths,F1,Pseudotime,0.9473684210526316,True
WOT,MaDataset,all_paths,AUC_PRC,Pseudotime,0.5987654320987654,True
WOT,MaDataset,all_paths,PRECISION,Pseudotime,0.9,True
WOT,MaDataset,all_paths,RECALL,Pseudotime,1.0,True
WOT,MaDataset,all_paths,AUC_ROC,Pseudotime,0.5079365079365079,True
WOT,MaDataset,simple,threshold,Pseudotime,0.09471366,True
WOT,MaDataset,simple,F1,Pseudotime,0.8571428571428571,True
WOT,MaDataset,simple,AUC_PRC,Pseudotime,0.6388888888888888,True
WOT,MaDataset,simple,PRECISION,Pseudotime,0.75,True
WOT,MaDataset,simple,RECALL,Pseudotime,1.0,True
WOT,MaDataset,simple,AUC_ROC,Pseudotime,0.9230769230769232,True
WOT,GarciaAlonsoDataset,all_paths,JaccardSimilarity,Real Time,0.5,True
WOT,GarciaAlonsoDataset,simple,JaccardSimilarity,Real Time,0.2272727272727272,True
WOT,GarciaAlonsoDataset,all_paths,JaccardSimilarity,Pseudotime,0.72,True
WOT,GarciaAlonsoDataset,simple,JaccardSimilarity,Pseudotime,0.3846153846153846,True
WOT,MaDataset,all_paths,JaccardSimilarity,Real Time,0.7777777777777778,True
WOT,MaDataset,simple,JaccardSimilarity,Real Time,0.5,True
WOT,MaDataset,all_paths,JaccardSimilarity,Pseudotime,0.9,True
WOT,MaDataset,simple,JaccardSimilarity,Pseudotime,0.75,True
scIMF,SuoDataset,all_paths,threshold,Real Time,0.0,True
scIMF,SuoDataset,all_paths,F1,Real Time,0.6775956284153005,True
scIMF,SuoDataset,all_paths,AUC_PRC,Real Time,0.5088446855931978,True
scIMF,SuoDataset,all_paths,PRECISION,Real Time,0.512396694214876,True
scIMF,SuoDataset,all_paths,RECALL,Real Time,1.0,True
scIMF,SuoDataset,all_paths,AUC_ROC,Real Time,0.411563696008748,True
scIMF,SuoDataset,simple,threshold,Real Time,0.0,True
scIMF,SuoDataset,simple,F1,Real Time,0.1666666666666666,True
scIMF,SuoDataset,simple,AUC_PRC,Real Time,0.1216638176120419,True
scIMF,SuoDataset,simple,PRECISION,Real Time,0.0909090909090909,True
scIMF,SuoDataset,simple,RECALL,Real Time,1.0,True
scIMF,SuoDataset,simple,AUC_ROC,Real Time,0.6076576576576577,True
scIMF,GarciaAlonsoDataset,all_paths,threshold,Real Time,0.06284658,True
scIMF,GarciaAlonsoDataset,all_paths,F1,Real Time,0.6666666666666666,True
scIMF,GarciaAlonsoDataset,all_paths,AUC_PRC,Real Time,0.3887165537765296,True
scIMF,GarciaAlonsoDataset,all_paths,PRECISION,Real Time,0.5,True
scIMF,GarciaAlonsoDataset,all_paths,RECALL,Real Time,1.0,True
scIMF,GarciaAlonsoDataset,all_paths,AUC_ROC,Real Time,0.1820987654320987,True
scIMF,GarciaAlonsoDataset,simple,threshold,Real Time,0.042349383,True
scIMF,GarciaAlonsoDataset,simple,F1,Real Time,0.303030303030303,True
scIMF,GarciaAlonsoDataset,simple,AUC_PRC,Real Time,0.1974576787236633,True
scIMF,GarciaAlonsoDataset,simple,PRECISION,Real Time,0.1785714285714285,True
scIMF,GarciaAlonsoDataset,simple,RECALL,Real Time,1.0,True
scIMF,GarciaAlonsoDataset,simple,AUC_ROC,Real Time,0.535483870967742,True
MIOFlow,SuoDataset,all_paths,threshold,Real Time,0.0,True
MIOFlow,SuoDataset,all_paths,F1,Real Time,0.6775956284153005,True
MIOFlow,SuoDataset,all_paths,AUC_PRC,Real Time,0.5836538430314756,True
MIOFlow,SuoDataset,all_paths,PRECISION,Real Time,0.512396694214876,True
MIOFlow,SuoDataset,all_paths,RECALL,Real Time,1.0,True
MIOFlow,SuoDataset,all_paths,AUC_ROC,Real Time,0.5060142154182614,True
MIOFlow,SuoDataset,simple,threshold,Real Time,0.0,True
MIOFlow,SuoDataset,simple,F1,Real Time,0.1666666666666666,True
MIOFlow,SuoDataset,simple,AUC_PRC,Real Time,0.212826073448083,True
MIOFlow,SuoDataset,simple,PRECISION,Real Time,0.0909090909090909,True
MIOFlow,SuoDataset,simple,RECALL,Real Time,1.0,True
MIOFlow,SuoDataset,simple,AUC_ROC,Real Time,0.5986486486486486,True
scIMF,MaDataset,all_paths,threshold,Real Time,0.07321966,True
scIMF,MaDataset,all_paths,F1,Real Time,0.72,True
scIMF,MaDataset,all_paths,AUC_PRC,Real Time,0.4282828282828282,True
scIMF,MaDataset,all_paths,PRECISION,Real Time,0.5625,True
scIMF,MaDataset,all_paths,RECALL,Real Time,1.0,True
scIMF,MaDataset,all_paths,AUC_ROC,Real Time,0.126984126984127,True
scIMF,MaDataset,simple,threshold,Real Time,0.063189566,True
scIMF,MaDataset,simple,F1,Real Time,0.4615384615384615,True
scIMF,MaDataset,simple,AUC_PRC,Real Time,0.2388888888888889,True
scIMF,MaDataset,simple,PRECISION,Real Time,0.3,True
scIMF,MaDataset,simple,RECALL,Real Time,1.0,True
scIMF,MaDataset,simple,AUC_ROC,Real Time,0.5384615384615384,True
CellMNN,SuoDataset,all_paths,threshold,Real Time,0.0,True
CellMNN,SuoDataset,all_paths,F1,Real Time,0.6775956284153005,True
CellMNN,SuoDataset,all_paths,AUC_PRC,Real Time,0.5509758744348956,True
CellMNN,SuoDataset,all_paths,PRECISION,Real Time,0.512396694214876,True
CellMNN,SuoDataset,all_paths,RECALL,Real Time,1.0,True
CellMNN,SuoDataset,all_paths,AUC_ROC,Real Time,0.5117550574084199,True
CellMNN,SuoDataset,simple,threshold,Real Time,0.0,True
CellMNN,SuoDataset,simple,F1,Real Time,0.1666666666666666,True
CellMNN,SuoDataset,simple,AUC_PRC,Real Time,0.1562274614170984,True
CellMNN,SuoDataset,simple,PRECISION,Real Time,0.0909090909090909,True
CellMNN,SuoDataset,simple,RECALL,Real Time,1.0,True
CellMNN,SuoDataset,simple,AUC_ROC,Real Time,0.6698198198198198,True
scIMF,GarciaAlonsoDataset,all_paths,threshold,Pseudotime,0.08484006,True
scIMF,GarciaAlonsoDataset,all_paths,F1,Pseudotime,0.6666666666666666,True
scIMF,GarciaAlonsoDataset,all_paths,AUC_PRC,Pseudotime,0.3999629296412922,True
scIMF,GarciaAlonsoDataset,all_paths,PRECISION,Pseudotime,0.5,True
scIMF,GarciaAlonsoDataset,all_paths,RECALL,Pseudotime,1.0,True
scIMF,GarciaAlonsoDataset,all_paths,AUC_ROC,Pseudotime,0.2716049382716049,True
scIMF,GarciaAlonsoDataset,simple,threshold,Pseudotime,0.08484006,True
scIMF,GarciaAlonsoDataset,simple,F1,Pseudotime,0.4761904761904761,True
scIMF,GarciaAlonsoDataset,simple,AUC_PRC,Pseudotime,0.2736111111111111,True
scIMF,GarciaAlonsoDataset,simple,PRECISION,Pseudotime,0.3125,True
scIMF,GarciaAlonsoDataset,simple,RECALL,Pseudotime,1.0,True
scIMF,GarciaAlonsoDataset,simple,AUC_ROC,Pseudotime,0.7612903225806451,True
MIOFlow,GarciaAlonsoDataset,all_paths,threshold,Real Time,0.035149384,True
MIOFlow,GarciaAlonsoDataset,all_paths,F1,Real Time,0.6666666666666666,True
MIOFlow,GarciaAlonsoDataset,all_paths,AUC_PRC,Real Time,0.3754397851708878,True
MIOFlow,GarciaAlonsoDataset,all_paths,PRECISION,Real Time,0.5,True
MIOFlow,GarciaAlonsoDataset,all_paths,RECALL,Real Time,1.0,True
MIOFlow,GarciaAlonsoDataset,all_paths,AUC_ROC,Real Time,0.1975308641975308,True
MIOFlow,GarciaAlonsoDataset,simple,threshold,Real Time,0.014368541,True
MIOFlow,GarciaAlonsoDataset,simple,F1,Real Time,0.303030303030303,True
MIOFlow,GarciaAlonsoDataset,simple,AUC_PRC,Real Time,0.1587445887445887,True
MIOFlow,GarciaAlonsoDataset,simple,PRECISION,Real Time,0.1785714285714285,True
MIOFlow,GarciaAlonsoDataset,simple,RECALL,Real Time,1.0,True
MIOFlow,GarciaAlonsoDataset,simple,AUC_ROC,Real Time,0.5096774193548387,True
MIOFlow,MaDataset,all_paths,threshold,Real Time,0.083333336,True
MIOFlow,MaDataset,all_paths,F1,Real Time,0.72,True
MIOFlow,MaDataset,all_paths,AUC_PRC,Real Time,0.456060606060606,True
MIOFlow,MaDataset,all_paths,PRECISION,Real Time,0.5625,True
MIOFlow,MaDataset,all_paths,RECALL,Real Time,1.0,True
MIOFlow,MaDataset,all_paths,AUC_ROC,Real Time,0.2063492063492064,True
MIOFlow,MaDataset,simple,threshold,Real Time,0.033099297,True
MIOFlow,MaDataset,simple,F1,Real Time,0.4285714285714285,True
MIOFlow,MaDataset,simple,AUC_PRC,Real Time,0.3131313131313131,True
MIOFlow,MaDataset,simple,PRECISION,Real Time,0.2727272727272727,True
MIOFlow,MaDataset,simple,RECALL,Real Time,1.0,True
MIOFlow,MaDataset,simple,AUC_ROC,Real Time,0.641025641025641,True
CellMNN,GarciaAlonsoDataset,all_paths,threshold,Real Time,0.003024956,True
CellMNN,GarciaAlonsoDataset,all_paths,F1,Real Time,0.6666666666666666,True
CellMNN,GarciaAlonsoDataset,all_paths,AUC_PRC,Real Time,0.4362938596491229,True
CellMNN,GarciaAlonsoDataset,all_paths,PRECISION,Real Time,0.5,True
CellMNN,GarciaAlonsoDataset,all_paths,RECALL,Real Time,1.0,True
CellMNN,GarciaAlonsoDataset,all_paths,AUC_ROC,Real Time,0.2808641975308641,True
CellMNN,GarciaAlonsoDataset,simple,threshold,Real Time,0.0,True
CellMNN,GarciaAlonsoDataset,simple,F1,Real Time,0.2857142857142857,True
CellMNN,GarciaAlonsoDataset,simple,AUC_PRC,Real Time,0.2265497076023392,True
CellMNN,GarciaAlonsoDataset,simple,PRECISION,Real Time,0.1666666666666666,True
CellMNN,GarciaAlonsoDataset,simple,RECALL,Real Time,1.0,True
CellMNN,GarciaAlonsoDataset,simple,AUC_ROC,Real Time,0.6322580645161291,True
PRESCIENT,SuoDataset,all_paths,threshold,Real Time,0.0,True
PRESCIENT,SuoDataset,all_paths,F1,Real Time,0.6775956284153005,True
PRESCIENT,SuoDataset,all_paths,AUC_PRC,Real Time,0.5392814469283593,True
PRESCIENT,SuoDataset,all_paths,PRECISION,Real Time,0.512396694214876,True
PRESCIENT,SuoDataset,all_paths,RECALL,Real Time,1.0,True
PRESCIENT,SuoDataset,all_paths,AUC_ROC,Real Time,0.4592673592126845,True
PRESCIENT,SuoDataset,simple,threshold,Real Time,0.0,True
PRESCIENT,SuoDataset,simple,F1,Real Time,0.1666666666666666,True
PRESCIENT,SuoDataset,simple,AUC_PRC,Real Time,0.1112802966787303,True
PRESCIENT,SuoDataset,simple,PRECISION,Real Time,0.0909090909090909,True
PRESCIENT,SuoDataset,simple,RECALL,Real Time,1.0,True
PRESCIENT,SuoDataset,simple,AUC_ROC,Real Time,0.5662162162162162,True
MIOFlow,GarciaAlonsoDataset,all_paths,threshold,Pseudotime,0.0020100502,True
MIOFlow,GarciaAlonsoDataset,all_paths,F1,Pseudotime,0.6666666666666666,True
MIOFlow,GarciaAlonsoDataset,all_paths,AUC_PRC,Pseudotime,0.4319515179809297,True
MIOFlow,GarciaAlonsoDataset,all_paths,PRECISION,Pseudotime,0.5,True
MIOFlow,GarciaAlonsoDataset,all_paths,RECALL,Pseudotime,1.0,True
MIOFlow,GarciaAlonsoDataset,all_paths,AUC_ROC,Pseudotime,0.3209876543209876,True
MIOFlow,GarciaAlonsoDataset,simple,threshold,Pseudotime,0.0020100502,True
MIOFlow,GarciaAlonsoDataset,simple,F1,Pseudotime,0.4,True
MIOFlow,GarciaAlonsoDataset,simple,AUC_PRC,Pseudotime,0.2870588235294117,True
MIOFlow,GarciaAlonsoDataset,simple,PRECISION,Pseudotime,0.25,True
MIOFlow,GarciaAlonsoDataset,simple,RECALL,Pseudotime,1.0,True
MIOFlow,GarciaAlonsoDataset,simple,AUC_ROC,Pseudotime,0.7354838709677419,True
CellMNN,MaDataset,all_paths,threshold,Real Time,0.029411765,True
CellMNN,MaDataset,all_paths,F1,Real Time,0.8181818181818182,True
CellMNN,MaDataset,all_paths,AUC_PRC,Real Time,0.5107142857142857,True
CellMNN,MaDataset,all_paths,PRECISION,Real Time,0.6923076923076923,True
CellMNN,MaDataset,all_paths,RECALL,Real Time,1.0,True
CellMNN,MaDataset,all_paths,AUC_ROC,Real Time,0.4444444444444444,True
CellMNN,MaDataset,simple,threshold,Real Time,0.029411765,True
CellMNN,MaDataset,simple,F1,Real Time,0.6666666666666666,True
CellMNN,MaDataset,simple,AUC_PRC,Real Time,0.3833333333333333,True
CellMNN,MaDataset,simple,PRECISION,Real Time,0.5,True
CellMNN,MaDataset,simple,RECALL,Real Time,1.0,True
CellMNN,MaDataset,simple,AUC_ROC,Real Time,0.7692307692307693,True
scIMF,SuoDataset,all_paths,threshold,Pseudotime,0.0,True
scIMF,SuoDataset,all_paths,F1,Pseudotime,0.6775956284153005,True
scIMF,SuoDataset,all_paths,AUC_PRC,Pseudotime,0.5528599105859078,True
scIMF,SuoDataset,all_paths,PRECISION,Pseudotime,0.512396694214876,True
scIMF,SuoDataset,all_paths,RECALL,Pseudotime,1.0,True
scIMF,SuoDataset,all_paths,AUC_ROC,Pseudotime,0.462547840349918,True
scIMF,SuoDataset,simple,threshold,Pseudotime,0.0,True
scIMF,SuoDataset,simple,F1,Pseudotime,0.1666666666666666,True
scIMF,SuoDataset,simple,AUC_PRC,Pseudotime,0.1500423439228368,True
scIMF,SuoDataset,simple,PRECISION,Pseudotime,0.0909090909090909,True
scIMF,SuoDataset,simple,RECALL,Pseudotime,1.0,True
scIMF,SuoDataset,simple,AUC_ROC,Pseudotime,0.6666666666666667,True
scIMF,MaDataset,all_paths,threshold,Pseudotime,0.17648679,True
scIMF,MaDataset,all_paths,F1,Pseudotime,0.8181818181818182,True
scIMF,MaDataset,all_paths,AUC_PRC,Pseudotime,0.5043209876543211,True
scIMF,MaDataset,all_paths,PRECISION,Pseudotime,0.6923076923076923,True
scIMF,MaDataset,all_paths,RECALL,Pseudotime,1.0,True
scIMF,MaDataset,all_paths,AUC_ROC,Pseudotime,0.3968253968253968,True
scIMF,MaDataset,simple,threshold,Pseudotime,0.17648679,True
scIMF,MaDataset,simple,F1,Pseudotime,0.6666666666666666,True
scIMF,MaDataset,simple,AUC_PRC,Pseudotime,0.4111111111111111,True
scIMF,MaDataset,simple,PRECISION,Pseudotime,0.5,True
scIMF,MaDataset,simple,RECALL,Pseudotime,1.0,True
scIMF,MaDataset,simple,AUC_ROC,Pseudotime,0.7948717948717949,True
CellMNN,GarciaAlonsoDataset,all_paths,threshold,Pseudotime,0.0046602893,True
CellMNN,GarciaAlonsoDataset,all_paths,F1,Pseudotime,0.6666666666666666,True
CellMNN,GarciaAlonsoDataset,all_paths,AUC_PRC,Pseudotime,0.4193160597572362,True
CellMNN,GarciaAlonsoDataset,all_paths,PRECISION,Pseudotime,0.5,True
CellMNN,GarciaAlonsoDataset,all_paths,RECALL,Pseudotime,1.0,True
CellMNN,GarciaAlonsoDataset,all_paths,AUC_ROC,Pseudotime,0.2901234567901234,True
CellMNN,GarciaAlonsoDataset,simple,threshold,Pseudotime,0.0,True
CellMNN,GarciaAlonsoDataset,simple,F1,Pseudotime,0.2857142857142857,True
CellMNN,GarciaAlonsoDataset,simple,AUC_PRC,Pseudotime,0.2163888888888888,True
CellMNN,GarciaAlonsoDataset,simple,PRECISION,Pseudotime,0.1666666666666666,True
CellMNN,GarciaAlonsoDataset,simple,RECALL,Pseudotime,1.0,True
CellMNN,GarciaAlonsoDataset,simple,AUC_ROC,Pseudotime,0.6193548387096774,True
scIMF,SuoDataset,all_paths,JaccardSimilarity,Real Time,0.512396694214876,True
scIMF,SuoDataset,simple,JaccardSimilarity,Real Time,0.0909090909090909,True
scIMF,GarciaAlonsoDataset,all_paths,JaccardSimilarity,Real Time,0.5,True
scIMF,GarciaAlonsoDataset,simple,JaccardSimilarity,Real Time,0.1785714285714285,True
scIMF,MaDataset,all_paths,JaccardSimilarity,Real Time,0.5625,True
scIMF,MaDataset,simple,JaccardSimilarity,Real Time,0.3,True
scIMF,GarciaAlonsoDataset,all_paths,JaccardSimilarity,Pseudotime,0.5,True
scIMF,GarciaAlonsoDataset,simple,JaccardSimilarity,Pseudotime,0.3125,True
scIMF,SuoDataset,all_paths,JaccardSimilarity,Pseudotime,0.512396694214876,True
scIMF,SuoDataset,simple,JaccardSimilarity,Pseudotime,0.0909090909090909,True
scIMF,MaDataset,all_paths,JaccardSimilarity,Pseudotime,0.6923076923076923,True
scIMF,MaDataset,simple,JaccardSimilarity,Pseudotime,0.5,True
PRESCIENT,GarciaAlonsoDataset,all_paths,threshold,Real Time,0.00027777778,True
PRESCIENT,GarciaAlonsoDataset,all_paths,F1,Real Time,0.6666666666666666,True
PRESCIENT,GarciaAlonsoDataset,all_paths,AUC_PRC,Real Time,0.4264140180806848,True
PRESCIENT,GarciaAlonsoDataset,all_paths,PRECISION,Real Time,0.5,True
PRESCIENT,GarciaAlonsoDataset,all_paths,RECALL,Real Time,1.0,True
PRESCIENT,GarciaAlonsoDataset,all_paths,AUC_ROC,Real Time,0.337962962962963,True
PRESCIENT,GarciaAlonsoDataset,simple,threshold,Real Time,0.0,True
PRESCIENT,GarciaAlonsoDataset,simple,F1,Real Time,0.2857142857142857,True
PRESCIENT,GarciaAlonsoDataset,simple,AUC_PRC,Real Time,0.19,True
PRESCIENT,GarciaAlonsoDataset,simple,PRECISION,Real Time,0.1666666666666666,True
PRESCIENT,GarciaAlonsoDataset,simple,RECALL,Real Time,1.0,True
PRESCIENT,GarciaAlonsoDataset,simple,AUC_ROC,Real Time,0.535483870967742,True
CellMNN,SuoDataset,all_paths,threshold,Pseudotime,0.0,True
CellMNN,SuoDataset,all_paths,F1,Pseudotime,0.6775956284153005,True
CellMNN,SuoDataset,all_paths,AUC_PRC,Pseudotime,0.5568371725655404,True
CellMNN,SuoDataset,all_paths,PRECISION,Pseudotime,0.512396694214876,True
CellMNN,SuoDataset,all_paths,RECALL,Pseudotime,1.0,True
CellMNN,SuoDataset,all_paths,AUC_ROC,Pseudotime,0.5306178239475123,True
CellMNN,SuoDataset,simple,threshold,Pseudotime,0.0,True
CellMNN,SuoDataset,simple,F1,Pseudotime,0.1666666666666666,True
CellMNN,SuoDataset,simple,AUC_PRC,Pseudotime,0.1434310009504735,True
CellMNN,SuoDataset,simple,PRECISION,Pseudotime,0.0909090909090909,True
CellMNN,SuoDataset,simple,RECALL,Pseudotime,1.0,True
CellMNN,SuoDataset,simple,AUC_ROC,Pseudotime,0.6657657657657658,True
PRESCIENT,MaDataset,all_paths,threshold,Real Time,0.13039118,True
PRESCIENT,MaDataset,all_paths,F1,Real Time,0.8181818181818182,True
PRESCIENT,MaDataset,all_paths,AUC_PRC,Real Time,0.6514550264550265,True
PRESCIENT,MaDataset,all_paths,PRECISION,Real Time,0.6923076923076923,True
PRESCIENT,MaDataset,all_paths,RECALL,Real Time,1.0,True
PRESCIENT,MaDataset,all_paths,AUC_ROC,Real Time,0.4603174603174603,True
PRESCIENT,MaDataset,simple,threshold,Real Time,0.13039118,True
PRESCIENT,MaDataset,simple,F1,Real Time,0.5454545454545454,True
PRESCIENT,MaDataset,simple,AUC_PRC,Real Time,0.6805555555555556,True
PRESCIENT,MaDataset,simple,PRECISION,Real Time,0.375,True
PRESCIENT,MaDataset,simple,RECALL,Real Time,1.0,True
PRESCIENT,MaDataset,simple,AUC_ROC,Real Time,0.8461538461538461,True
CellMNN,MaDataset,all_paths,threshold,Pseudotime,0.030011013,True
CellMNN,MaDataset,all_paths,F1,Pseudotime,0.8181818181818182,True
CellMNN,MaDataset,all_paths,AUC_PRC,Pseudotime,0.6051587301587302,True
CellMNN,MaDataset,all_paths,PRECISION,Pseudotime,0.6923076923076923,True
CellMNN,MaDataset,all_paths,RECALL,Pseudotime,1.0,True
CellMNN,MaDataset,all_paths,AUC_ROC,Pseudotime,0.4761904761904762,True
CellMNN,MaDataset,simple,threshold,Pseudotime,0.030011013,True
CellMNN,MaDataset,simple,F1,Pseudotime,0.6666666666666666,True
CellMNN,MaDataset,simple,AUC_PRC,Pseudotime,0.6666666666666667,True
CellMNN,MaDataset,simple,PRECISION,Pseudotime,0.5,True
CellMNN,MaDataset,simple,RECALL,Pseudotime,1.0,True
CellMNN,MaDataset,simple,AUC_ROC,Pseudotime,0.8717948717948718,True
CellMNN,SuoDataset,all_paths,JaccardSimilarity,Real Time,0.512396694214876,True
CellMNN,SuoDataset,simple,JaccardSimilarity,Real Time,0.0909090909090909,True
CellMNN,GarciaAlonsoDataset,all_paths,JaccardSimilarity,Real Time,0.5,True
CellMNN,GarciaAlonsoDataset,simple,JaccardSimilarity,Real Time,0.1666666666666666,True
CellMNN,MaDataset,all_paths,JaccardSimilarity,Real Time,0.6923076923076923,True
CellMNN,MaDataset,simple,JaccardSimilarity,Real Time,0.5,True
CellMNN,GarciaAlonsoDataset,all_paths,JaccardSimilarity,Pseudotime,0.5,True
CellMNN,GarciaAlonsoDataset,simple,JaccardSimilarity,Pseudotime,0.1666666666666666,True
CellMNN,SuoDataset,all_paths,JaccardSimilarity,Pseudotime,0.512396694214876,True
CellMNN,SuoDataset,simple,JaccardSimilarity,Pseudotime,0.0909090909090909,True
CellMNN,MaDataset,all_paths,JaccardSimilarity,Pseudotime,0.6923076923076923,True
CellMNN,MaDataset,simple,JaccardSimilarity,Pseudotime,0.5,True
PISDE,SuoDataset,all_paths,threshold,Real Time,0.0,True
PISDE,SuoDataset,all_paths,F1,Real Time,0.6775956284153005,True
PISDE,SuoDataset,all_paths,AUC_PRC,Real Time,0.512396694214876,True
PISDE,SuoDataset,all_paths,PRECISION,Real Time,0.512396694214876,True
PISDE,SuoDataset,all_paths,RECALL,Real Time,1.0,True
PISDE,SuoDataset,all_paths,AUC_ROC,Real Time,0.4152542372881356,True
PISDE,SuoDataset,simple,threshold,Real Time,0.0,True
PISDE,SuoDataset,simple,F1,Real Time,0.1666666666666666,True
PISDE,SuoDataset,simple,AUC_PRC,Real Time,0.0826446280991735,True
PISDE,SuoDataset,simple,PRECISION,Real Time,0.0909090909090909,True
PISDE,SuoDataset,simple,RECALL,Real Time,1.0,True
PISDE,SuoDataset,simple,AUC_ROC,Real Time,0.4549549549549549,True
PRESCIENT,GarciaAlonsoDataset,all_paths,threshold,Pseudotime,0.045088567,True
PRESCIENT,GarciaAlonsoDataset,all_paths,F1,Pseudotime,0.8372093023255814,True
PRESCIENT,GarciaAlonsoDataset,all_paths,AUC_PRC,Pseudotime,0.6488044363044364,True
PRESCIENT,GarciaAlonsoDataset,all_paths,PRECISION,Pseudotime,0.72,True
PRESCIENT,GarciaAlonsoDataset,all_paths,RECALL,Pseudotime,1.0,True
PRESCIENT,GarciaAlonsoDataset,all_paths,AUC_ROC,Pseudotime,0.5462962962962963,True
PRESCIENT,GarciaAlonsoDataset,simple,threshold,Pseudotime,0.041697327,True
PRESCIENT,GarciaAlonsoDataset,simple,F1,Pseudotime,0.4761904761904761,True
PRESCIENT,GarciaAlonsoDataset,simple,AUC_PRC,Pseudotime,0.4240384615384616,True
PRESCIENT,GarciaAlonsoDataset,simple,PRECISION,Pseudotime,0.3125,True
PRESCIENT,GarciaAlonsoDataset,simple,RECALL,Pseudotime,1.0,True
PRESCIENT,GarciaAlonsoDataset,simple,AUC_ROC,Pseudotime,0.7741935483870968,True
PRESCIENT,SuoDataset,all_paths,threshold,Pseudotime,0.0,True
PRESCIENT,SuoDataset,all_paths,F1,Pseudotime,0.6775956284153005,True
PRESCIENT,SuoDataset,all_paths,AUC_PRC,Pseudotime,0.5904480369249115,True
PRESCIENT,SuoDataset,all_paths,PRECISION,Pseudotime,0.512396694214876,True
PRESCIENT,SuoDataset,all_paths,RECALL,Pseudotime,1.0,True
PRESCIENT,SuoDataset,all_paths,AUC_ROC,Pseudotime,0.5442864953526517,True
PRESCIENT,SuoDataset,simple,threshold,Pseudotime,0.0,True
PRESCIENT,SuoDataset,simple,F1,Pseudotime,0.1666666666666666,True
PRESCIENT,SuoDataset,simple,AUC_PRC,Pseudotime,0.1690527634917221,True
PRESCIENT,SuoDataset,simple,PRECISION,Pseudotime,0.0909090909090909,True
PRESCIENT,SuoDataset,simple,RECALL,Pseudotime,1.0,True
PRESCIENT,SuoDataset,simple,AUC_ROC,Pseudotime,0.6162162162162161,True
PRESCIENT,MaDataset,all_paths,threshold,Pseudotime,0.122797355,True
PRESCIENT,MaDataset,all_paths,F1,Pseudotime,0.8181818181818182,True
PRESCIENT,MaDataset,all_paths,AUC_PRC,Pseudotime,0.6212962962962963,True
PRESCIENT,MaDataset,all_paths,PRECISION,Pseudotime,0.6923076923076923,True
PRESCIENT,MaDataset,all_paths,RECALL,Pseudotime,1.0,True
PRESCIENT,MaDataset,all_paths,AUC_ROC,Pseudotime,0.5396825396825398,True
PRESCIENT,MaDataset,simple,threshold,Pseudotime,0.122797355,True
PRESCIENT,MaDataset,simple,F1,Pseudotime,0.5454545454545454,True
PRESCIENT,MaDataset,simple,AUC_PRC,Pseudotime,0.4583333333333332,True
PRESCIENT,MaDataset,simple,PRECISION,Pseudotime,0.375,True
PRESCIENT,MaDataset,simple,RECALL,Pseudotime,1.0,True
PRESCIENT,MaDataset,simple,AUC_ROC,Pseudotime,0.7948717948717949,True
PRESCIENT,SuoDataset,all_paths,JaccardSimilarity,Real Time,0.512396694214876,True
PRESCIENT,SuoDataset,simple,JaccardSimilarity,Real Time,0.0909090909090909,True
PRESCIENT,GarciaAlonsoDataset,all_paths,JaccardSimilarity,Real Time,0.5,True
PRESCIENT,GarciaAlonsoDataset,simple,JaccardSimilarity,Real Time,0.1666666666666666,True
PRESCIENT,MaDataset,all_paths,JaccardSimilarity,Real Time,0.6923076923076923,True
PRESCIENT,MaDataset,simple,JaccardSimilarity,Real Time,0.375,True
PRESCIENT,GarciaAlonsoDataset,all_paths,JaccardSimilarity,Pseudotime,0.72,True
PRESCIENT,GarciaAlonsoDataset,simple,JaccardSimilarity,Pseudotime,0.3125,True
PRESCIENT,SuoDataset,all_paths,JaccardSimilarity,Pseudotime,0.512396694214876,True
PRESCIENT,SuoDataset,simple,JaccardSimilarity,Pseudotime,0.0909090909090909,True
PRESCIENT,MaDataset,all_paths,JaccardSimilarity,Pseudotime,0.6923076923076923,True
PRESCIENT,MaDataset,simple,JaccardSimilarity,Pseudotime,0.375,True
PISDE,GarciaAlonsoDataset,all_paths,threshold,Real Time,0.0,True
PISDE,GarciaAlonsoDataset,all_paths,F1,Real Time,0.6666666666666666,True
PISDE,GarciaAlonsoDataset,all_paths,AUC_PRC,Real Time,0.4833333333333333,True
PISDE,GarciaAlonsoDataset,all_paths,PRECISION,Real Time,0.5,True
PISDE,GarciaAlonsoDataset,all_paths,RECALL,Real Time,1.0,True
PISDE,GarciaAlonsoDataset,all_paths,AUC_ROC,Real Time,0.4166666666666666,True
PISDE,GarciaAlonsoDataset,simple,threshold,Real Time,0.0,True
PISDE,GarciaAlonsoDataset,simple,F1,Real Time,0.2857142857142857,True
PISDE,GarciaAlonsoDataset,simple,AUC_PRC,Real Time,0.1511111111111111,True
PISDE,GarciaAlonsoDataset,simple,PRECISION,Real Time,0.1666666666666666,True
PISDE,GarciaAlonsoDataset,simple,RECALL,Real Time,1.0,True
PISDE,GarciaAlonsoDataset,simple,AUC_ROC,Real Time,0.535483870967742,True
PISDE,MaDataset,all_paths,threshold,Real Time,0.0,True
PISDE,MaDataset,all_paths,F1,Real Time,0.72,True
PISDE,MaDataset,all_paths,AUC_PRC,Real Time,0.5856481481481481,True
PISDE,MaDataset,all_paths,PRECISION,Real Time,0.5625,True
PISDE,MaDataset,all_paths,RECALL,Real Time,1.0,True
PISDE,MaDataset,all_paths,AUC_ROC,Real Time,0.5396825396825398,True
PISDE,MaDataset,simple,threshold,Real Time,0.0,True
PISDE,MaDataset,simple,F1,Real Time,0.4,True
PISDE,MaDataset,simple,AUC_PRC,Real Time,0.2361111111111111,True
PISDE,MaDataset,simple,PRECISION,Real Time,0.25,True
PISDE,MaDataset,simple,RECALL,Real Time,1.0,True
PISDE,MaDataset,simple,AUC_ROC,Real Time,0.5897435897435898,True
PISDE,GarciaAlonsoDataset,all_paths,threshold,Pseudotime,0.0,True
PISDE,GarciaAlonsoDataset,all_paths,F1,Pseudotime,0.6666666666666666,True
PISDE,GarciaAlonsoDataset,all_paths,AUC_PRC,Pseudotime,0.4833333333333333,True
PISDE,GarciaAlonsoDataset,all_paths,PRECISION,Pseudotime,0.5,True
PISDE,GarciaAlonsoDataset,all_paths,RECALL,Pseudotime,1.0,True
PISDE,GarciaAlonsoDataset,all_paths,AUC_ROC,Pseudotime,0.4104938271604938,True
PISDE,GarciaAlonsoDataset,simple,threshold,Pseudotime,0.0,True
PISDE,GarciaAlonsoDataset,simple,F1,Pseudotime,0.2857142857142857,True
PISDE,GarciaAlonsoDataset,simple,AUC_PRC,Pseudotime,0.1511111111111111,True
PISDE,GarciaAlonsoDataset,simple,PRECISION,Pseudotime,0.1666666666666666,True
PISDE,GarciaAlonsoDataset,simple,RECALL,Pseudotime,1.0,True
PISDE,GarciaAlonsoDataset,simple,AUC_ROC,Pseudotime,0.5225806451612903,True
PISDE,SuoDataset,all_paths,threshold,Pseudotime,0.0,True
PISDE,SuoDataset,all_paths,F1,Pseudotime,0.6775956284153005,True
PISDE,SuoDataset,all_paths,AUC_PRC,Pseudotime,0.510940280399587,True
PISDE,SuoDataset,all_paths,PRECISION,Pseudotime,0.512396694214876,True
PISDE,SuoDataset,all_paths,RECALL,Pseudotime,1.0,True
PISDE,SuoDataset,all_paths,AUC_ROC,Pseudotime,0.4231820667031164,True
PISDE,SuoDataset,simple,threshold,Pseudotime,0.0,True
PISDE,SuoDataset,simple,F1,Pseudotime,0.1666666666666666,True
PISDE,SuoDataset,simple,AUC_PRC,Pseudotime,0.1036654920831818,True
PISDE,SuoDataset,simple,PRECISION,Pseudotime,0.0909090909090909,True
PISDE,SuoDataset,simple,RECALL,Pseudotime,1.0,True
PISDE,SuoDataset,simple,AUC_ROC,Pseudotime,0.5373873873873873,True
PISDE,MaDataset,all_paths,threshold,Pseudotime,0.0013766519,True
PISDE,MaDataset,all_paths,F1,Pseudotime,0.9,True
PISDE,MaDataset,all_paths,AUC_PRC,Pseudotime,0.6071428571428572,True
PISDE,MaDataset,all_paths,PRECISION,Pseudotime,0.8181818181818182,True
PISDE,MaDataset,all_paths,RECALL,Pseudotime,1.0,True
PISDE,MaDataset,all_paths,AUC_ROC,Pseudotime,0.5873015873015873,True
PISDE,MaDataset,simple,threshold,Pseudotime,0.00079554494,True
PISDE,MaDataset,simple,F1,Pseudotime,0.6,True
PISDE,MaDataset,simple,AUC_PRC,Pseudotime,0.4206349206349206,True
PISDE,MaDataset,simple,PRECISION,Pseudotime,0.4285714285714285,True
PISDE,MaDataset,simple,RECALL,Pseudotime,1.0,True
PISDE,MaDataset,simple,AUC_ROC,Pseudotime,0.782051282051282,True
PISDE,SuoDataset,all_paths,JaccardSimilarity,Real Time,0.512396694214876,True
PISDE,SuoDataset,simple,JaccardSimilarity,Real Time,0.0909090909090909,True
PISDE,GarciaAlonsoDataset,all_paths,JaccardSimilarity,Real Time,0.5,True
PISDE,GarciaAlonsoDataset,simple,JaccardSimilarity,Real Time,0.1666666666666666,True
PISDE,MaDataset,all_paths,JaccardSimilarity,Real Time,0.5625,True
PISDE,MaDataset,simple,JaccardSimilarity,Real Time,0.25,True
PISDE,GarciaAlonsoDataset,all_paths,JaccardSimilarity,Pseudotime,0.5,True
PISDE,GarciaAlonsoDataset,simple,JaccardSimilarity,Pseudotime,0.1666666666666666,True
PISDE,SuoDataset,all_paths,JaccardSimilarity,Pseudotime,0.512396694214876,True
PISDE,SuoDataset,simple,JaccardSimilarity,Pseudotime,0.0909090909090909,True
PISDE,MaDataset,all_paths,JaccardSimilarity,Pseudotime,0.8181818181818182,True
PISDE,MaDataset,simple,JaccardSimilarity,Pseudotime,0.4285714285714285,True
